data,label
3619,0
3622,0
3625,0
3655,0
3659,0
3667,0
3687,0
3693,0
3710,0
3712,0
3746,0
3767,0
3801,0
3812,0
3827,0
3861,0
3893,0
3934,0
4003,0
4070,0
4109,0
4752,0
6575,0
6586,0
6644,0
6657,0
6691,0
6707,0
6748,0
6769,0
6787,0
6795,0
6812,0
6846,0
6848,0
6906,0
6909,0
6940,0
6967,0
6997,0
7007,0
7074,0
7116,0
7164,0
7210,0
7231,0
7251,0
7285,0
7360,0
7431,0
7499,0
7536,0
7651,0
7660,0
8009,0
8057,0
8060,0
8074,0
8158,0
8212,0
8245,0
8263,0
8265,0
8389,0
8482,0
8507,0
8589,0
8622,0
8698,0
8810,0
8888,0
41463,0
41480,0
41482,0
60332,0
60593,0
60974,0
61015,0
61046,0
62209,0
62264,0
62587,0
62758,0
62801,0
63345,0
63353,0
63383,0
63389,0
63411,0
63536,0
63624,0
63654,0
63867,0
63966,0
64020,0
64573,0
64634,0
64668,0
64872,0
64900,0
65006,0
65023,0
65048,0
65159,0
65312,0
65392,0
65460,0
65491,0
65531,0
65562,0
65585,0
65627,0
65669,0
65692,0
65705,0
65746,0
65765,0
65984,0
66026,0
66073,0
71054,0
76650,0
85137,0
85826,0
97295,0
107264,0
107294,0
107333,0
107343,0
107420,0
107696,0
108441,0
108448,0
108499,0
108562,0
108610,0
108629,0
108663,0
108666,0
108731,0
108815,0
108833,0
108894,0
108956,0
108999,0
109060,0
109128,0
109149,0
109219,0
109239,0
109287,0
109454,0
109498,0
109523,0
109533,0
109539,0
109562,0
109572,0
109593,0
109639,0
109666,0
109680,0
109720,0
109728,0
109749,0
109762,0
109794,0
109870,0
109884,0
109914,0
109985,0
110541,0
110808,0
110914,0
110990,0
111028,0
111464,0
111467,0
111488,0
111543,0
111640,0
111643,0
111830,0
111868,0
111898,0
111953,0
112001,0
112086,0
112103,0
112134,0
112224,0
112357,0
112394,0
112444,0
112471,0
112495,0
112515,0
112636,0
112845,0
112883,0
119266,0
119547,0
119579,0
119666,0
119702,0
119724,0
120496,0
120509,0
120567,0
120652,0
125469,0
125834,0
125896,0
125901,0
126004,0
126026,0
126367,0
126540,0
126576,0
126639,0
126662,0
126680,0
126746,0
126749,0
126840,0
126876,0
126906,0
126966,0
126991,0
127045,0
127049,0
127055,0
127080,0
127148,0
127218,0
127273,0
127318,0
127325,0
127348,0
127392,0
127524,0
127624,0
127632,0
127640,0
127658,0
127797,0
127827,0
127889,0
127973,0
127989,0
128039,0
128048,0
128095,0
128193,0
128573,0
128634,0
128697,0
128736,0
128751,0
128812,0
128817,0
128966,0
128976,0
128987,0
129212,0
129523,0
129564,0
129659,0
129762,0
129776,0
129789,0
129824,0
129904,0
129980,0
137271,0
137285,0
138722,0
138945,0
142470,0
142490,0
142660,0
142675,0
142718,0
142720,0
142737,0
142763,0
142799,0
142810,0
142939,0
142988,0
143078,0
143081,0
143151,0
143230,0
143304,0
143331,0
143336,0
143395,0
143397,0
143437,0
143442,0
143466,0
143475,0
143520,0
143545,0
143574,0
143605,0
143643,0
143717,0
143774,0
143802,0
143831,0
143846,0
143874,0
144069,0
144089,0
144104,0
144129,0
144153,0
144385,0
144413,0
144468,0
144501,0
144515,0
144517,0
144532,0
144597,0
144616,0
144638,0
144656,0
144818,0
144852,0
144874,0
144947,0
144997,0
145040,0
145157,0
145167,0
145190,0
145217,0
145272,0
145296,0
145640,0
145965,0
146481,0
147565,0
147622,0
147652,0
147668,0
147674,0
147713,0
147803,0
147822,0
147852,0
147939,0
147979,0
148007,0
148046,0
148137,0
148321,0
148335,0
148379,0
148394,0
148427,0
148447,0
148468,0
148509,0
148535,0
148580,0
148637,0
148660,0
148697,0
148771,0
148872,0
148928,0
149010,0
149065,0
149114,0
149181,0
149204,0
149219,0
149266,0
149400,0
149433,0
149463,0
149531,0
149675,0
149720,0
149743,0
149778,0
149797,0
149857,0
149918,0
149990,0
150016,0
150178,0
150197,0
150224,0
150354,0
150390,0
150443,0
150450,0
150486,0
150511,0
150516,0
150531,0
150547,0
150594,0
150676,0
150747,0
150780,0
150785,0
150797,0
150845,0
150890,0
150893,0
151087,0
151211,0
151216,0
151251,0
151336,0
151371,0
151397,0
151412,0
151438,0
151469,0
151498,0
151537,0
151570,0
151612,0
151630,0
151660,0
151991,0
152115,0
152152,0
152445,0
152576,0
152704,0
152903,0
153145,0
153153,0
153251,0
153750,0
154161,0
154425,0
154441,0
154462,0
154480,0
154525,0
154583,0
154596,0
154646,0
154679,0
154847,0
154955,0
155511,0
155624,0
155840,0
155845,0
155875,0
155878,0
155889,0
155918,0
155944,0
156053,0
156125,0
156172,0
156245,0
156266,0
156371,0
156384,0
156409,0
156439,0
156469,0
156600,0
156638,0
156847,0
156856,0
156959,0
157172,0
157379,0
157393,0
157491,0
157517,0
157597,0
157923,0
157987,0
158172,0
158734,0
158761,0
159104,0
159183,0
159264,0
159279,0
159292,0
159320,0
159357,0
159402,0
159429,0
159512,0
159532,0
159546,0
159592,0
159665,0
159708,0
159751,0
159799,0
159866,0
160003,0
160035,0
160058,0
160090,0
160127,0
160394,0
161004,0
164264,0
164356,0
165923,0
165949,0
165966,0
165982,0
166047,0
166092,0
166133,0
166162,0
166229,0
166257,0
166270,0
166305,0
166593,0
166658,0
166691,0
166817,0
166839,0
166871,0
166891,0
166898,0
166911,0
166936,0
166960,0
167014,0
167034,0
167144,0
167181,0
167200,0
167312,0
167321,0
167378,0
167431,0
167463,0
167480,0
167548,0
167581,0
167726,0
167875,0
167906,0
167987,0
168523,0
168540,0
168559,0
168577,0
168607,0
168640,0
168662,0
168671,0
168727,0
168777,0
168822,0
168862,0
168892,0
169099,0
169267,0
170482,0
170552,0
170576,0
170597,0
170614,0
170617,0
170738,0
170772,0
170832,0
170875,0
171144,0
171303,0
171305,0
171328,0
171368,0
171524,0
171533,0
171558,0
171675,0
171711,0
171748,0
171808,0
171872,0
171917,0
171952,0
171998,0
172035,0
172083,0
172107,0
172171,0
172219,0
172299,0
172368,0
172381,0
172413,0
172439,0
172467,0
172518,0
172527,0
172544,0
172572,0
172596,0
173012,0
173043,0
173068,0
173272,0
173300,0
173406,0
173648,0
173658,0
173686,0
174378,0
174381,0
174399,0
174421,0
174471,0
174482,0
174508,0
174530,0
174544,0
174760,0
175093,0
175165,0
175190,0
175261,0
175743,0
175792,0
175903,0
175960,0
176084,0
176248,0
176253,0
176553,0
176617,0
176687,0
176777,0
176959,0
177002,0
177015,0
177127,0
177186,0
177234,0
177268,0
177386,0
177414,0
177467,0
177639,0
177813,0
177873,0
177985,0
178084,0
178104,0
178162,0
178216,0
178431,0
178489,0
178497,0
178499,0
178517,0
178552,0
178605,0
178684,0
178723,0
178788,0
178806,0
178961,0
178976,0
178996,0
179033,0
179089,0
180411,0
180459,0
180507,0
180587,0
180599,0
180678,0
180715,0
180779,0
180882,0
181010,0
181021,0
181036,0
181079,0
181141,0
181184,0
181191,0
181232,0
181277,0
181303,0
181856,0
181859,0
181870,0
181895,0
181927,0
182191,0
182269,0
182323,0
182373,0
182494,0
182539,0
182669,0
182696,0
182731,0
182982,0
182985,0
183027,0
183065,0
183126,0
183168,0
183170,0
183309,0
183311,0
183365,0
183678,0
183771,0
183813,0
184017,0
184142,0
184152,0
184184,0
184369,0
184390,0
184552,0
184563,0
184642,0
184672,0
184704,0
184755,0
184782,0
184865,0
184871,0
184883,0
184897,0
184938,0
184963,0
185030,0
185065,0
185091,0
185143,0
185152,0
185219,0
185257,0
185288,0
185301,0
185343,0
185361,0
185377,0
185401,0
185444,0
185464,0
185538,0
185564,0
185599,0
185633,0
185661,0
185678,0
185699,0
185753,0
185759,0
185828,0
185852,0
185889,0
185938,0
185971,0
186019,0
186094,0
186113,0
186143,0
186181,0
186234,0
186275,0
186352,0
186432,0
186586,0
186659,0
186677,0
186703,0
186731,0
186749,0
186778,0
186827,0
186863,0
186906,0
186976,0
187040,0
187176,0
187235,0
187308,0
187529,0
187807,0
187861,0
187894,0
187929,0
187974,0
188012,0
188083,0
188173,0
188277,0
188789,0
188847,0
188888,0
188942,0
189138,0
189238,0
189533,0
190275,0
190359,0
190372,0
190419,0
190472,0
190544,0
190619,0
190622,0
190646,0
190798,0
190907,0
190972,0
190975,0
190990,0
191014,0
191064,0
191117,0
191155,0
191196,0
191236,0
191252,0
191289,0
191311,0
191366,0
191456,0
191472,0
191520,0
191583,0
191736,0
191754,0
191756,0
191786,0
191829,0
191876,0
191973,0
191992,0
192025,0
192051,0
192079,0
192103,0
192178,0
192230,0
192464,0
192472,0
192518,0
192625,0
192648,0
192709,0
192938,0
192957,0
192974,0
193001,0
193026,0
193068,0
193163,0
193192,0
193235,0
193271,0
193284,0
193311,0
193327,0
193388,0
193456,0
193459,0
193495,0
193508,0
193518,0
193529,0
193592,0
193628,0
193645,0
193895,0
193898,0
193945,0
194610,0
194666,0
194736,0
194773,0
194796,0
194809,0
194863,0
194885,0
194950,0
194996,0
195051,0
195321,0
195357,0
195473,0
195623,0
195766,0
195837,0
195974,0
196018,0
196047,0
196075,0
196201,0
196405,0
196495,0
196599,0
196789,0
196892,0
196895,0
197069,0
197072,0
197364,0
197380,0
197608,0
197611,0
197761,0
198025,0
198044,0
198269,0
198320,0
198421,0
198545,0
198735,0
198765,0
198807,0
198890,0
198963,0
198999,0
199119,0
199151,0
199172,0
199666,0
200912,0
206229,0
206984,0
207772,0
207857,0
207938,0
208805,0
209269,0
209323,0
209460,0
209516,0
209552,0
210169,0
210234,0
210375,0
212356,0
213871,0
213899,0
214060,0
214088,0
214144,0
214297,0
214396,0
214482,0
214491,0
215144,0
215218,0
215255,0
215296,0
215617,0
215861,0
219369,0
219395,0
219502,0
219713,0
219775,0
219901,0
219929,0
219997,0
220022,0
220052,0
220090,0
220206,0
220225,0
220267,0
220388,0
220418,0
220561,0
220564,0
220603,0
220633,0
220663,0
220872,0
220897,0
220966,0
221009,0
221031,0
221235,0
221424,0
221494,0
221518,0
221532,0
221570,0
221576,0
221599,0
221728,0
221855,0
221894,0
221996,0
222040,0
222070,0
222076,0
222129,0
222178,0
222211,0
222231,0
222273,0
222309,0
222320,0
222369,0
222384,0
222404,0
222425,0
222508,0
222588,0
222605,0
222654,0
222751,0
222829,0
223046,0
223177,0
223200,0
223260,0
223353,0
223371,0
223434,0
223467,0
223469,0
223562,0
223569,0
223584,0
223589,0
223617,0
223637,0
223661,0
223718,0
223916,0
224183,0
224201,0
224230,0
224257,0
224299,0
224407,0
224424,0
224542,0
224571,0
224625,0
224735,0
224771,0
224834,0
224897,0
224900,0
224909,0
224922,0
224981,0
224996,0
225099,0
225141,0
225158,0
226119,0
226123,0
226147,0
226191,0
226347,0
226405,0
226435,0
226460,0
226484,0
226556,0
226597,0
226693,0
226715,0
226752,0
226847,0
226910,0
227129,0
227301,0
227360,0
227421,0
227426,0
227543,0
227560,0
227652,0
227664,0
227685,0
227753,0
227862,0
227878,0
228023,0
228767,0
229273,0
229298,0
229321,0
229324,0
229357,0
229515,0
229612,0
229634,0
229748,0
229853,0
230735,0
230804,0
230949,0
231145,0
231153,0
231167,0
231194,0
231226,0
231314,0
231338,0
231871,0
231875,0
231901,0
231916,0
231918,0
232033,0
232037,0
232067,0
232071,0
232075,0
232096,0
232298,0
232528,0
232558,0
232727,0
232735,0
232737,0
232760,0
232766,0
232811,0
232843,0
232910,0
232951,0
232954,0
233003,0
233156,0
233158,0
233192,0
233215,0
233237,0
233262,0
233308,0
233372,0
233388,0
233404,0
233466,0
233468,0
233493,0
233596,0
233632,0
233667,0
233724,0
233727,0
233995,0
234022,0
234041,0
234086,0
234115,0
234136,0
234151,0
234215,0
234238,0
234338,0
234343,0
234382,0
234408,0
234435,0
234490,0
234651,0
234653,0
234725,0
234799,0
234819,0
234821,0
234843,0
234873,0
234904,0
235006,0
235109,0
235125,0
235130,0
235146,0
235155,0
235205,0
235209,0
235226,0
235280,0
235323,0
235632,0
235662,0
235666,0
235681,0
235695,0
235726,0
235761,0
235771,0
235792,0
235952,0
235995,0
236099,0
236117,0
236203,0
236303,0
236318,0
236392,0
236402,0
236426,0
236453,0
236472,0
236481,0
236657,0
236728,0
236741,0
236766,0
236784,0
236806,0
236878,0
236931,0
236975,0
236991,0
236995,0
237065,0
237082,0
237097,0
237159,0
237244,0
237344,0
237376,0
237395,0
237415,0
237462,0
237464,0
237494,0
237513,0
237568,0
237656,0
237690,0
237902,0
237976,0
237978,0
238023,0
238042,0
238071,0
238126,0
238280,0
238318,0
238356,0
238415,0
238431,0
238625,0
238676,0
238701,0
238751,0
238854,0
238930,0
238958,0
239004,0
239007,0
239029,0
239109,0
239176,0
239187,0
239241,0
239312,0
239331,0
239445,0
239525,0
239711,0
239807,0
240026,0
240030,0
240069,0
240122,0
240171,0
240268,0
240357,0
240406,0
240454,0
240517,0
240581,0
240635,0
240745,0
240771,0
240787,0
240816,0
240914,0
241913,0
241935,0
242077,0
242146,0
242592,0
242613,0
242632,0
242636,0
245521,0
247900,0
250057,0
250076,0
250108,0
250252,0
250277,0
250320,0
250398,0
250420,0
250534,0
250700,0
250703,0
250727,0
250830,0
251246,0
251413,0
251438,0
251464,0
251708,0
252685,0
252791,0
252953,0
252983,0
252986,0
253050,0
253189,0
253465,0
253498,0
253510,0
253543,0
253722,0
253749,0
253765,0
258652,0
258687,0
258871,0
258898,0
259241,0
259823,0
260008,0
260287,0
260334,0
260494,0
260549,0
260574,0
261991,0
262122,0
262134,0
262170,0
263364,0
263966,0
264877,0
264943,0
265069,0
265185,0
265240,0
265329,0
265349,0
265524,0
265634,0
267418,0
267502,0
269622,0
269651,0
269672,0
269702,0
269710,0
269716,0
269736,0
269738,0
269758,0
269776,0
269795,0
269797,0
269811,0
269846,0
269878,0
269901,0
269908,0
269945,0
269955,0
270003,0
270041,0
270056,0
270072,0
270084,0
270132,0
270140,0
270146,0
270165,0
270189,0
270240,0
270305,0
270317,0
270335,0
270360,0
270406,0
270429,0
270454,0
270485,0
270504,0
270530,0
270579,0
270611,0
270651,0
270674,0
270733,0
270744,0
270808,0
270862,0
270876,0
270913,0
271017,0
271128,0
271144,0
271192,0
271253,0
271314,0
271362,0
271402,0
271429,0
271477,0
271527,0
271541,0
271578,0
271592,0
271603,0
271691,0
271780,0
271788,0
271812,0
271853,0
271884,0
271971,0
272087,0
272195,0
272255,0
272370,0
272424,0
272499,0
272638,0
273057,0
273267,0
273306,0
273398,0
273401,0
273469,0
273982,0
274001,0
274009,0
274043,0
274189,0
274422,0
275737,0
276263,0
276273,0
276426,0
276468,0
276501,0
276609,0
276732,0
276743,0
277603,0
277884,0
277938,0
277961,0
277967,0
278067,0
278079,0
278143,0
278185,0
278220,0
278295,0
278358,0
278396,0
278399,0
278433,0
278541,0
278574,0
278613,0
278728,0
278731,0
278774,0
278817,0
278854,0
278865,0
278913,0
278972,0
279609,0
279654,0
280813,0
280826,0
280891,0
281830,0
281901,0
281904,0
282634,0
282813,0
282816,0
282856,0
282909,0
282993,0
283011,0
283049,0
283069,0
283188,0
283226,0
283268,0
283380,0
283511,0
283543,0
283602,0
283689,0
283837,0
284081,0
284163,0
284256,0
284378,0
284476,0
284547,0
284561,0
284593,0
284689,0
284780,0
284890,0
284950,0
285024,0
285091,0
285260,0
285362,0
285375,0
285396,0
285430,0
285531,0
285960,0
286066,0
286075,0
286222,0
286254,0
286262,0
286341,0
286422,0
286431,0
286453,0
286474,0
286577,0
286731,0
286940,0
287041,0
287663,0
287927,0
288078,0
288198,0
288240,0
288265,0
288406,0
288485,0
288538,0
288583,0
289119,0
289537,0
289576,0
289631,0
289736,0
289781,0
289909,0
289917,0
290071,0
290271,0
290487,0
290553,0
290609,0
290667,0
290699,0
290775,0
290844,0
290859,0
290933,0
291147,0
291195,0
291293,0
291386,0
291541,0
291809,0
291908,0
291997,0
292194,0
292231,0
292410,0
292497,0
292546,0
292582,0
292722,0
292755,0
292786,0
292822,0
292852,0
292894,0
292980,0
292983,0
293018,0
293035,0
293051,0
293605,0
293793,0
293960,0
293994,0
294002,0
294083,0
294141,0
294169,0
294186,0
294247,0
294262,0
294410,0
294722,0
294758,0
294959,0
295040,0
295201,0
295937,0
296129,0
296140,0
296162,0
296186,0
296199,0
296252,0
296363,0
296594,0
296625,0
296681,0
297304,0
297852,0
298284,0
298437,0
298468,0
298703,0
298755,0
298810,0
299028,0
299138,0
299152,0
299224,0
299228,0
299308,0
299338,0
299374,0
299407,0
299842,0
300482,0
300582,0
300610,0
300959,0
300962,0
300994,0
301053,0
301056,0
301083,0
301114,0
301151,0
301168,0
301189,0
301238,0
301279,0
301604,0
301651,0
301800,0
302029,0
303195,0
303250,0
303301,0
303304,0
303520,0
303544,0
303983,0
304168,0
304211,0
304280,0
304356,0
304460,0
304547,0
304630,0
304736,0
304831,0
305135,0
305793,0
305981,0
306159,0
306518,0
306521,0
306561,0
306585,0
306647,0
306753,0
306771,0
306958,0
307041,0
307084,0
307108,0
307162,0
307266,0
307298,0
307337,0
307435,0
307494,0
307542,0
307558,0
307564,0
307582,0
307613,0
307627,0
307686,0
307728,0
308244,0
308270,0
308307,0
308421,0
308647,0
308833,0
308933,0
309302,0
309315,0
309355,0
309397,0
309412,0
309463,0
309565,0
309598,0
309624,0
309647,0
309667,0
309705,0
309737,0
309852,0
309891,0
309972,0
310034,0
310046,0
310089,0
310118,0
310153,0
310183,0
310267,0
310325,0
310461,0
310638,0
310666,0
310769,0
310831,0
310858,0
310891,0
310954,0
310983,0
311033,0
311071,0
311231,0
311246,0
311306,0
311514,0
311532,0
311569,0
311575,0
311887,0
311943,0
311953,0
312000,0
312036,0
312057,0
312157,0
312394,0
312434,0
312506,0
312549,0
312654,0
312748,0
312766,0
312832,0
312916,0
313078,0
313100,0
313569,0
313897,0
316316,0
316375,0
316438,0
316492,0
316552,0
316999,0
317081,0
317142,0
317190,0
317289,0
317486,0
317504,0
317549,0
317646,0
317709,0
317719,0
317756,0
317841,0
317871,0
317938,0
317971,0
317989,0
318038,0
318126,0
318346,0
318376,0
318410,0
318443,0
318473,0
318489,0
318545,0
318679,0
318790,0
318826,0
318829,0
318850,0
318874,0
318896,0
318927,0
319048,0
319096,0
319206,0
319244,0
319289,0
319303,0
319384,0
319410,0
319413,0
319474,0
319502,0
319507,0
319576,0
319619,0
319640,0
319645,0
319659,0
319757,0
320332,0
320360,0
320407,0
320656,0
322125,0
322576,0
322637,0
322673,0
322823,0
322916,0
322954,0
322990,0
323282,0
323349,0
323812,0
324248,0
324651,0
324670,0
325117,0
325160,0
325185,0
325222,0
325268,0
325375,0
325378,0
325397,0
325511,0
325514,0
325578,0
325594,0
325616,0
325649,0
325686,0
325754,0
325793,0
325828,0
325863,0
325879,0
325909,0
325932,0
325977,0
326011,0
326046,0
326115,0
326170,0
326257,0
326310,0
326368,0
326389,0
326438,0
326492,0
326522,0
326558,0
326753,0
326804,0
326904,0
326948,0
326975,0
327019,0
327032,0
327054,0
327075,0
327096,0
327118,0
327212,0
327227,0
327322,0
327374,0
327378,0
327452,0
327518,0
327586,0
327592,0
327616,0
327726,0
327776,0
327806,0
327838,0
327874,0
327885,0
327896,0
327907,0
327966,0
328032,0
328115,0
328179,0
328240,0
328408,0
328478,0
329274,0
329558,0
333141,0
333190,0
333459,0
334691,0
342954,0
348347,0
351797,0
352004,0
352044,0
352079,0
352095,0
352130,0
352216,0
352273,0
352277,0
352300,0
352341,0
352413,0
352447,0
352530,0
352633,0
352704,0
353153,0
353294,0
353312,0
353341,0
353386,0
353419,0
353516,0
353530,0
353897,0
353970,0
354026,0
354083,0
354144,0
354188,0
354268,0
354300,0
354554,0
354559,0
356934,0
356960,0
357257,0
358790,0
358905,0
359722,0
360178,0
360289,0
360327,0
360420,0
360643,0
360661,0
360722,0
360805,0
360926,0
361100,0
361119,0
361177,0
361205,0
361340,0
361402,0
361455,0
361458,0
361546,0
361708,0
361735,0
361770,0
361859,0
361877,0
361977,0
362076,0
362114,0
362222,0
362249,0
362381,0
362618,0
362670,0
362707,0
362722,0
362742,0
362765,0
362986,0
363039,0
363072,0
363108,0
363138,0
363152,0
363158,0
363245,0
363348,0
363442,0
363899,0
363902,0
364004,0
364057,0
364379,0
364382,0
364436,0
364504,0
364526,0
364554,0
364582,0
364591,0
364621,0
364696,0
364736,0
364781,0
364862,0
364905,0
364908,0
364929,0
364933,0
364954,0
364958,0
364975,0
364999,0
365003,0
365031,0
365057,0
365081,0
365102,0
365113,0
365119,0
365141,0
365160,0
365204,0
365270,0
365295,0
365364,0
365402,0
365514,0
365539,0
365567,0
365587,0
365680,0
365752,0
365776,0
365798,0
365836,0
365853,0
365866,0
365899,0
365914,0
365940,0
365949,0
365980,0
365995,0
366061,0
366112,0
366121,0
366152,0
366168,0
366240,0
366286,0
366369,0
366391,0
366397,0
366443,0
366466,0
366479,0
366501,0
366515,0
366557,0
366592,0
366644,0
366749,0
366758,0
366776,0
366815,0
366866,0
366944,0
366986,0
367187,0
367254,0
367351,0
367451,0
367495,0
367580,0
367614,0
367649,0
367692,0
367719,0
367749,0
367797,0
367828,0
367912,0
367936,0
368014,0
368030,0
368038,0
368062,0
368102,0
368187,0
368205,0
368248,0
368375,0
368577,0
368604,0
368625,0
368652,0
368659,0
368700,0
368733,0
368755,0
368826,0
368892,0
368904,0
368907,0
368929,0
368967,0
369070,0
369083,0
369110,0
369122,0
369169,0
369251,0
369286,0
369297,0
369328,0
369331,0
369370,0
369382,0
369399,0
369407,0
369449,0
369478,0
369509,0
369569,0
369663,0
369703,0
369728,0
369782,0
369932,0
370087,0
370108,0
370156,0
370234,0
370252,0
370403,0
370501,0
370510,0
370872,0
371028,0
371130,0
371190,0
371311,0
371352,0
371407,0
371409,0
371472,0
371541,0
371557,0
371631,0
371808,0
371886,0
371958,0
371975,0
372414,0
372446,0
372466,0
374171,0
374219,0
374279,0
374434,0
374463,0
374538,0
374561,0
374601,0
374660,0
374689,0
374693,0
374714,0
374723,0
374730,0
374764,0
374767,0
374776,0
374808,0
374839,0
374854,0
374899,0
374918,0
374928,0
374947,0
374997,0
375081,0
376138,0
376168,0
376176,0
376200,0
376311,0
376329,0
377052,0
377098,0
377222,0
377227,0
377286,0
377296,0
377336,0
377390,0
378155,0
378354,0
378495,0
378510,0
378544,0
378597,0
378652,0
378694,0
378762,0
378828,0
378872,0
378892,0
379020,0
379077,0
379088,0
379130,0
380076,0
380285,0
380729,0
380949,0
380998,0
381050,0
381081,0
381435,0
381618,0
382221,0
382282,0
382286,0
382294,0
382302,0
382312,0
382656,0
383709,0
387052,0
387081,0
387193,0
387317,0
387716,0
387747,0
387772,0
387795,0
387813,0
387828,0
387842,0
387924,0
387927,0
387945,0
387995,0
388016,0
388075,0
388131,0
388185,0
388188,0
388216,0
388231,0
388250,0
388301,0
388337,0
388417,0
388426,0
388447,0
388531,0
388580,0
388591,0
388609,0
388640,0
388711,0
388771,0
388805,0
388821,0
388921,0
388942,0
388963,0
388980,0
389084,0
389151,0
389172,0
389215,0
389285,0
389412,0
389428,0
389434,0
389497,0
389555,0
390198,0
397709,0
397740,0
397818,0
398371,0
402169,0
403554,0
404460,0
404949,0
404952,0
404990,0
405043,0
406224,0
406255,0
406293,0
408851,0
410883,0
414289,0
414328,0
414334,0
414354,0
414516,0
414557,0
414606,0
414649,0
414665,0
414684,0
414694,0
414702,0
414739,0
414786,0
414844,0
414964,0
415101,0
415132,0
415234,0
415237,0
415249,0
415252,0
415278,0
415300,0
415326,0
415355,0
415375,0
415392,0
415411,0
415871,0
416097,0
416099,0
416255,0
416318,0
416340,0
416382,0
416411,0
416413,0
416511,0
416579,0
416631,0
416648,0
416671,0
416891,0
416894,0
416948,0
417034,0
417071,0
417121,0
417190,0
417243,0
417248,0
417271,0
417299,0
417393,0
417430,0
417689,0
417770,0
417829,0
417855,0
417893,0
418011,0
418055,0
418163,0
418294,0
418303,0
418375,0
418455,0
418555,0
418782,0
418851,0
418867,0
418896,0
418955,0
418991,0
419018,0
419037,0
419192,0
419245,0
419257,0
419397,0
419420,0
419460,0
419541,0
419612,0
419694,0
419726,0
419768,0
419785,0
419839,0
419987,0
420019,0
420081,0
420099,0
420134,0
420195,0
420931,0
420944,0
421864,0
421872,0
421927,0
422016,0
422034,0
422102,0
422124,0
422563,0
422589,0
422721,0
422892,0
423020,0
423206,0
423234,0
423569,0
423974,0
424319,0
424339,0
424390,0
424448,0
424472,0
424534,0
424536,0
424557,0
424567,0
424569,0
424648,0
424681,0
424687,0
424702,0
424752,0
424837,0
424876,0
424919,0
424947,0
424981,0
425003,0
425030,0
425304,0
425311,0
425326,0
425345,0
425372,0
425392,0
425437,0
425446,0
425464,0
425483,0
425670,0
425732,0
425759,0
425794,0
425874,0
425877,0
425908,0
425989,0
426057,0
426102,0
426186,0
426243,0
426318,0
426363,0
426366,0
426383,0
426389,0
426399,0
426415,0
426432,0
426472,0
426474,0
426525,0
426782,0
426785,0
426850,0
426869,0
426944,0
426988,0
427028,0
427062,0
427092,0
427144,0
427166,0
427168,0
427189,0
428730,0
428750,0
428771,0
428780,0
428850,0
428875,0
428903,0
428958,0
428996,0
429018,0
429101,0
429134,0
429157,0
429194,0
429236,0
429333,0
429431,0
429472,0
429531,0
429919,0
429948,0
430004,0
430243,0
430757,0
430902,0
430905,0
430973,0
431098,0
431212,0
431230,0
431299,0
431398,0
439762,0
441103,0
441436,0
441465,0
442017,0
442020,0
442070,0
442116,0
442133,0
442152,0
442255,0
442320,0
442370,0
442390,0
442400,0
442431,0
442462,0
442470,0
442484,0
442705,0
442723,0
442754,0
442790,0
442801,0
442959,0
443003,0
443056,0
443105,0
444800,0
444804,0
444878,0
444887,0
444902,0
444944,0
444981,0
445039,0
445086,0
445125,0
445151,0
445274,0
445729,0
446105,0
446143,0
446269,0
446522,0
446593,0
446663,0
446694,0
446927,0
446952,0
446981,0
447020,0
447049,0
447067,0
447258,0
447665,0
447680,0
447961,0
447985,0
448030,0
448079,0
448124,0
448188,0
448227,0
448284,0
448312,0
448428,0
448469,0
448504,0
448521,0
448553,0
448600,0
448638,0
448689,0
448707,0
448729,0
449007,0
449010,0
449052,0
449098,0
449101,0
449114,0
449135,0
449196,0
449212,0
449252,0
449260,0
449288,0
449310,0
449338,0
449407,0
449424,0
449462,0
449479,0
449542,0
449554,0
449790,0
449801,0
449846,0
449879,0
450090,0
450127,0
450159,0
450174,0
450224,0
450229,0
450240,0
450314,0
450318,0
450342,0
450364,0
450397,0
450429,0
450439,0
450497,0
450533,0
450546,0
450583,0
450590,0
450613,0
450682,0
450684,0
450748,0
450751,0
450764,0
450884,0
450895,0
450909,0
450934,0
450945,0
450961,0
450981,0
450983,0
451086,0
451109,0
451150,0
451161,0
451191,0
451221,0
451270,0
451273,0
451292,0
451333,0
451342,0
451400,0
451463,0
451495,0
451535,0
451588,0
451639,0
451726,0
452439,0
452470,0
452496,0
452633,0
452873,0
453000,0
453011,0
453131,0
453257,0
453381,0
453474,0
453701,0
453807,0
453873,0
453881,0
454013,0
454049,0
454066,0
456279,0
456309,0
456366,0
456408,0
456468,0
456496,0
456505,0
456744,0
456747,0
456789,0
456978,0
457337,0
457340,0
457385,0
457517,0
461108,0
461944,0
462150,0
462231,0
462240,0
462293,0
462345,0
462453,0
463880,0
464452,0
465290,0
465317,0
465328,0
465345,0
465367,0
465448,0
466251,0
466678,0
467088,0
467096,0
467113,0
467192,0
467207,0
467229,0
467273,0
467366,0
467372,0
468639,0
469636,0
470799,0
471832,0
471868,0
472357,0
472379,0
472410,0
472419,0
472428,0
472484,0
472488,0
472544,0
472556,0
472634,0
472739,0
472758,0
472772,0
472804,0
472854,0
472856,0
472898,0
474317,0
474320,0
474354,0
474357,0
474519,0
474540,0
474572,0
474613,0
474640,0
474642,0
474720,0
474755,0
474795,0
474832,0
474902,0
474923,0
474959,0
475002,0
475022,0
475024,0
475082,0
475104,0
475555,0
475645,0
475704,0
475774,0
476202,0
476239,0
476293,0
476379,0
476458,0
476495,0
476585,0
476634,0
476666,0
476717,0
476742,0
476777,0
476831,0
476941,0
476991,0
477165,0
477333,0
477520,0
477573,0
478443,0
479830,0
479848,0
487881,0
488578,0
490112,0
490129,0
490665,0
491180,0
491840,0
494847,0
527977,0
553778,0
564529,0
574145,0
574218,0
581457,0
581539,0
581579,0
581805,0
581845,0
594779,0
1439,1
1476,1
1500,1
1568,1
1620,1
1667,1
1715,1
1747,1
1816,1
1887,1
1953,1
1997,1
2078,1
2153,1
2203,1
2289,1
2380,1
2434,1
2492,1
2582,1
2596,1
2629,1
2645,1
2686,1
2874,1
2937,1
2942,1
2965,1
2989,1
3004,1
3064,1
3081,1
3100,1
3116,1
3178,1
3226,1
3271,1
3344,1
3409,1
4136,1
4172,1
4212,1
4222,1
4262,1
4410,1
4473,1
4499,1
4544,1
4619,1
4637,1
8572,1
44510,1
60319,1
61627,1
61806,1
61830,1
61939,1
61954,1
61998,1
62008,1
62106,1
62172,1
62194,1
62227,1
62286,1
62343,1
62390,1
62420,1
62563,1
62602,1
62633,1
62652,1
62700,1
62783,1
62825,1
62877,1
62912,1
63010,1
63056,1
63067,1
63098,1
63127,1
63130,1
63205,1
63214,1
63255,1
63293,1
63335,1
63418,1
63545,1
63585,1
64009,1
64029,1
64094,1
64152,1
64228,1
64239,1
64275,1
64340,1
64419,1
64442,1
64455,1
64478,1
64498,1
64504,1
64521,1
64545,1
104369,1
110100,1
110111,1
110131,1
110151,1
110158,1
110180,1
110191,1
110244,1
110299,1
110374,1
110402,1
110405,1
110428,1
110457,1
110503,1
110553,1
110587,1
110751,1
119301,1
119757,1
119785,1
119788,1
119833,1
119890,1
119975,1
120006,1
120022,1
120028,1
120078,1
120114,1
120131,1
120137,1
120163,1
120166,1
120184,1
120202,1
120205,1
120272,1
120285,1
120321,1
120351,1
120368,1
120374,1
120397,1
120468,1
120482,1
129008,1
129077,1
129136,1
129232,1
129258,1
129328,1
129342,1
129345,1
129372,1
129402,1
129437,1
129450,1
129475,1
129494,1
129541,1
129597,1
129606,1
129652,1
129724,1
129744,1
129780,1
129851,1
129876,1
129931,1
129961,1
129986,1
130027,1
130055,1
130088,1
130199,1
130243,1
130273,1
130354,1
130397,1
130410,1
130451,1
130582,1
130643,1
130918,1
131105,1
131265,1
131430,1
131558,1
131586,1
131611,1
131651,1
131784,1
131974,1
131988,1
131993,1
132026,1
132106,1
132115,1
132170,1
132186,1
132222,1
132228,1
132262,1
132287,1
132314,1
132334,1
132368,1
132418,1
132462,1
132480,1
132483,1
132503,1
138866,1
138961,1
138980,1
139041,1
139048,1
139129,1
139188,1
139310,1
139315,1
139324,1
139344,1
139368,1
139422,1
139475,1
139521,1
139532,1
139564,1
139626,1
139633,1
139653,1
139682,1
139704,1
139797,1
139894,1
139951,1
139975,1
140120,1
140170,1
140277,1
140306,1
140488,1
140524,1
140595,1
140608,1
140631,1
140697,1
140709,1
140797,1
141142,1
141678,1
141747,1
141779,1
141978,1
142071,1
142110,1
142129,1
142172,1
142320,1
142344,1
142389,1
142429,1
142454,1
142504,1
142531,1
142605,1
142641,1
142679,1
142699,1
142728,1
142758,1
142781,1
142819,1
142863,1
142959,1
142972,1
143041,1
143068,1
143214,1
146520,1
147782,1
147795,1
147813,1
147835,1
147862,1
147964,1
148017,1
148125,1
148975,1
149013,1
152138,1
152161,1
152441,1
152636,1
152683,1
152686,1
152708,1
152739,1
152757,1
152762,1
152789,1
152837,1
152843,1
152871,1
152931,1
153349,1
153675,1
153701,1
153732,1
153790,1
153817,1
153833,1
153864,1
153900,1
153938,1
153978,1
154018,1
154036,1
154102,1
154127,1
154170,1
154290,1
154336,1
154355,1
154370,1
154379,1
154394,1
154421,1
154603,1
155821,1
155829,1
155862,1
155900,1
156072,1
156078,1
156097,1
157047,1
157272,1
157309,1
157369,1
157372,1
157439,1
157509,1
157761,1
157801,1
157882,1
158336,1
159127,1
159674,1
159702,1
159754,1
159763,1
159786,1
159810,1
159956,1
159977,1
160241,1
160254,1
160319,1
160436,1
160460,1
160488,1
160541,1
160609,1
160661,1
160701,1
160787,1
160802,1
160827,1
161153,1
161208,1
161253,1
161372,1
161487,1
161845,1
161933,1
161946,1
162020,1
162041,1
162074,1
162239,1
162259,1
162327,1
162370,1
162385,1
162433,1
162458,1
162536,1
162573,1
162614,1
162843,1
162878,1
162894,1
162924,1
162933,1
163014,1
163082,1
163099,1
163765,1
163775,1
163851,1
163882,1
163900,1
165991,1
166005,1
166224,1
166234,1
166284,1
166308,1
166314,1
166319,1
166344,1
166550,1
166566,1
166622,1
166640,1
166654,1
166678,1
166699,1
167111,1
167233,1
167248,1
167254,1
167269,1
167401,1
167434,1
167458,1
167543,1
167571,1
167652,1
170526,1
170545,1
170588,1
170599,1
170608,1
170676,1
170688,1
170708,1
170749,1
170789,1
170818,1
170871,1
170915,1
170933,1
170962,1
171036,1
171067,1
171075,1
171110,1
171140,1
171197,1
171228,1
171258,1
171264,1
171293,1
171321,1
171330,1
171342,1
171350,1
171454,1
171462,1
171526,1
171537,1
171547,1
171640,1
171661,1
171685,1
171727,1
171766,1
171845,1
171889,1
171934,1
171977,1
172019,1
172072,1
172087,1
172104,1
172111,1
172148,1
172184,1
172223,1
172325,1
172365,1
172434,1
172464,1
172485,1
172505,1
172577,1
172617,1
172945,1
173062,1
173070,1
173091,1
173102,1
173138,1
173202,1
173276,1
173294,1
173317,1
173425,1
173440,1
173508,1
173511,1
173545,1
173638,1
173653,1
173703,1
173727,1
173735,1
173778,1
173796,1
173825,1
173910,1
173987,1
174008,1
174083,1
174404,1
174475,1
174497,1
174570,1
174648,1
174683,1
174867,1
175069,1
175086,1
175117,1
175139,1
175158,1
175256,1
175307,1
175366,1
175395,1
175602,1
175635,1
175674,1
175677,1
175702,1
175987,1
176080,1
176165,1
178474,1
178560,1
178783,1
178924,1
179040,1
179066,1
179111,1
179351,1
179354,1
179408,1
179454,1
179515,1
179581,1
179614,1
179963,1
180016,1
180041,1
180090,1
180174,1
180196,1
180200,1
180454,1
180470,1
180511,1
180571,1
180592,1
180698,1
180731,1
183727,1
183758,1
183782,1
184335,1
186342,1
187059,1
187111,1
187155,1
187244,1
187282,1
187363,1
187366,1
187392,1
187534,1
187660,1
187752,1
187760,1
187811,1
187966,1
188130,1
188378,1
188419,1
188435,1
188495,1
188553,1
188576,1
188624,1
188651,1
188665,1
188691,1
188714,1
188717,1
188764,1
188771,1
188919,1
189173,1
189752,1
189786,1
189919,1
189934,1
189946,1
189979,1
190004,1
190030,1
190132,1
190256,1
190286,1
190312,1
190403,1
190425,1
190461,1
190512,1
190736,1
190915,1
191088,1
191121,1
191435,1
191548,1
191667,1
192316,1
192346,1
192385,1
192426,1
192524,1
192540,1
192548,1
192688,1
192704,1
192736,1
192801,1
193345,1
193369,1
193421,1
194049,1
194064,1
194093,1
194120,1
194156,1
194159,1
194241,1
194266,1
194314,1
194489,1
194539,1
194552,1
194598,1
195379,1
195398,1
195418,1
195457,1
195537,1
195566,1
195577,1
195611,1
195664,1
195680,1
195705,1
195712,1
195747,1
195806,1
196236,1
196320,1
196484,1
196642,1
196674,1
196779,1
196884,1
196924,1
196962,1
196991,1
197021,1
197181,1
197292,1
197420,1
197772,1
199388,1
199727,1
201013,1
202427,1
202651,1
203086,1
203144,1
203157,1
203211,1
203244,1
204027,1
205949,1
206016,1
207184,1
207251,1
207262,1
207321,1
207580,1
207699,1
207707,1
207783,1
207824,1
207880,1
207921,1
207962,1
208049,1
208071,1
208081,1
208108,1
208122,1
208134,1
208190,1
208262,1
208328,1
208349,1
208396,1
208402,1
208471,1
208590,1
208632,1
208671,1
208696,1
208718,1
208743,1
208791,1
208808,1
208893,1
208897,1
208916,1
208961,1
209001,1
209036,1
209063,1
209149,1
209188,1
209244,1
209263,1
225148,1
227487,1
227570,1
227575,1
227607,1
227641,1
227657,1
227671,1
227676,1
227708,1
227763,1
227844,1
227869,1
227884,1
227903,1
227928,1
227994,1
228014,1
228037,1
228072,1
228104,1
228115,1
228150,1
228184,1
228204,1
228231,1
228251,1
228306,1
228370,1
228379,1
228415,1
228502,1
228547,1
228650,1
228724,1
228737,1
228750,1
228769,1
228779,1
228809,1
228820,1
228837,1
228856,1
229018,1
229051,1
229084,1
229098,1
229140,1
229151,1
229205,1
229228,1
229264,1
229349,1
229451,1
229466,1
229483,1
229498,1
229519,1
232048,1
232555,1
236442,1
236447,1
236515,1
238473,1
238592,1
240571,1
240932,1
240993,1
241023,1
241028,1
241054,1
241084,1
241179,1
241254,1
241327,1
241365,1
241399,1
241433,1
241458,1
241490,1
241565,1
241605,1
241657,1
241709,1
241731,1
241778,1
241816,1
241821,1
241921,1
241984,1
242008,1
242036,1
242064,1
242084,1
242106,1
242114,1
242139,1
242185,1
242249,1
242278,1
242390,1
242443,1
242448,1
242469,1
242479,1
242517,1
242527,1
242629,1
242660,1
242699,1
242722,1
242740,1
242766,1
242782,1
242804,1
242898,1
242944,1
242965,1
242970,1
242977,1
243010,1
243051,1
243080,1
243181,1
243245,1
243385,1
243403,1
243412,1
243487,1
243551,1
243609,1
243663,1
243680,1
243715,1
243748,1
243801,1
243953,1
244035,1
244060,1
244087,1
244110,1
244138,1
244174,1
244181,1
244195,1
244218,1
244263,1
244304,1
244343,1
244382,1
244412,1
244440,1
244466,1
244511,1
244601,1
244736,1
244762,1
244772,1
244800,1
244808,1
244901,1
244960,1
245032,1
245151,1
245252,1
245286,1
245352,1
245380,1
245394,1
245399,1
245448,1
245492,1
245538,1
245569,1
245667,1
245698,1
245707,1
245726,1
245752,1
245809,1
245825,1
245867,1
245881,1
245899,1
245941,1
245991,1
246021,1
246046,1
246083,1
246177,1
246232,1
246384,1
246424,1
246464,1
246493,1
246544,1
246558,1
246597,1
246725,1
246759,1
246789,1
246817,1
246836,1
246867,1
246952,1
246967,1
247018,1
247064,1
247109,1
247135,1
247229,1
247256,1
247270,1
247289,1
247324,1
247345,1
247410,1
247487,1
247547,1
247577,1
247593,1
247606,1
247645,1
247692,1
247741,1
247787,1
247806,1
247856,1
247870,1
247880,1
247966,1
248018,1
248053,1
248056,1
248134,1
248204,1
248255,1
248286,1
248409,1
248423,1
248563,1
248635,1
248733,1
248785,1
248812,1
248848,1
248863,1
248908,1
249090,1
249112,1
249228,1
249319,1
249371,1
249444,1
249504,1
249532,1
249801,1
249821,1
249844,1
249863,1
249916,1
249939,1
249949,1
249987,1
250016,1
250035,1
250093,1
250287,1
250453,1
250526,1
250546,1
250585,1
250670,1
250775,1
250798,1
251120,1
251227,1
251287,1
251312,1
251363,1
251384,1
251469,1
251531,1
251562,1
251616,1
251635,1
251686,1
251723,1
251733,1
251752,1
251790,1
251813,1
251866,1
251899,1
251923,1
251935,1
251982,1
252003,1
252033,1
252056,1
252087,1
252132,1
252168,1
252176,1
252204,1
252231,1
252315,1
252468,1
252494,1
252566,1
252664,1
252672,1
252731,1
252816,1
252819,1
252936,1
253003,1
253029,1
253199,1
253577,1
253622,1
253651,1
253715,1
253804,1
253828,1
253878,1
254002,1
254169,1
254210,1
254228,1
254311,1
254347,1
254403,1
254610,1
254629,1
254649,1
254651,1
254677,1
254685,1
254704,1
254733,1
254765,1
254788,1
254817,1
254836,1
254941,1
254986,1
254991,1
255020,1
255081,1
255311,1
255378,1
255420,1
255471,1
255506,1
255533,1
255556,1
255589,1
255731,1
255785,1
255818,1
256092,1
256136,1
256172,1
256179,1
256234,1
256319,1
256370,1
256410,1
256503,1
256591,1
256655,1
256688,1
256755,1
256760,1
256807,1
256887,1
256917,1
256955,1
256971,1
257127,1
257149,1
257186,1
257309,1
257342,1
257386,1
257456,1
257483,1
257522,1
257600,1
257662,1
257715,1
257781,1
257863,1
257932,1
257974,1
257988,1
258032,1
258076,1
258108,1
258120,1
258155,1
258185,1
258205,1
258235,1
258304,1
258342,1
258423,1
258471,1
258505,1
258644,1
258731,1
258789,1
259216,1
259294,1
259386,1
259467,1
259526,1
259583,1
259609,1
259624,1
259638,1
259668,1
259841,1
259956,1
259976,1
260042,1
263596,1
263627,1
263647,1
263701,1
263728,1
263794,1
263818,1
263832,1
263889,1
263938,1
264015,1
264041,1
264044,1
264087,1
264140,1
264174,1
264197,1
264224,1
264272,1
264785,1
264793,1
264820,1
264825,1
264904,1
265045,1
265117,1
265142,1
265165,1
265169,1
265311,1
265360,1
265411,1
265458,1
265493,1
265530,1
265568,1
265608,1
265680,1
265721,1
265747,1
265788,1
266126,1
266222,1
266315,1
266535,1
266570,1
266691,1
266744,1
267329,1
267388,1
267406,1
267428,1
271052,1
271061,1
271306,1
271349,1
271635,1
271696,1
271736,1
271863,1
271893,1
272034,1
272092,1
272539,1
272545,1
272608,1
272646,1
272679,1
272975,1
273046,1
273224,1
273250,1
273322,1
273840,1
274136,1
274144,1
274195,1
274259,1
274278,1
274355,1
274371,1
274388,1
274433,1
274441,1
274460,1
274495,1
274519,1
274589,1
274622,1
275189,1
275436,1
276119,1
276192,1
276358,1
276390,1
276449,1
276532,1
276590,1
276616,1
276653,1
276717,1
276736,1
276752,1
276778,1
276895,1
276928,1
276999,1
277039,1
277074,1
277145,1
277226,1
277250,1
277270,1
277346,1
277392,1
277440,1
277478,1
277495,1
277529,1
277689,1
277719,1
277767,1
277773,1
277825,1
277933,1
278804,1
278948,1
278997,1
279012,1
279074,1
279136,1
279177,1
279229,1
279269,1
279303,1
279353,1
279383,1
279411,1
279425,1
279465,1
279486,1
279534,1
279616,1
279664,1
279732,1
279897,1
279903,1
280241,1
282420,1
282438,1
282568,1
282571,1
283261,1
283341,1
283351,1
283375,1
283421,1
283633,1
283659,1
283699,1
283886,1
283903,1
283933,1
283969,1
284015,1
284058,1
284092,1
284181,1
284215,1
284304,1
284433,1
284460,1
284505,1
284603,1
284659,1
284857,1
284874,1
284928,1
284993,1
285117,1
285249,1
285316,1
285337,1
285359,1
285383,1
285415,1
285444,1
285476,1
285557,1
285572,1
285700,1
285771,1
285804,1
285825,1
285837,1
285918,1
286168,1
289416,1
290929,1
291608,1
295065,1
295486,1
295510,1
295740,1
295761,1
296660,1
296836,1
296894,1
296942,1
297005,1
297122,1
297135,1
297185,1
297222,1
297243,1
297291,1
297365,1
297424,1
297528,1
297551,1
297556,1
297606,1
297668,1
297678,1
297726,1
297750,1
297760,1
297791,1
297825,1
297864,1
297876,1
297879,1
297922,1
297947,1
297967,1
298000,1
298078,1
298102,1
298113,1
298125,1
298175,1
298213,1
298231,1
298259,1
310026,1
310451,1
311344,1
316770,1
316802,1
316865,1
316888,1
316925,1
316948,1
317316,1
317327,1
317828,1
317895,1
317915,1
320067,1
320084,1
320139,1
320172,1
320195,1
320267,1
320317,1
322101,1
322119,1
322136,1
322151,1
322158,1
322218,1
322509,1
322532,1
322830,1
322976,1
324056,1
324113,1
324123,1
324182,1
324204,1
324442,1
328285,1
328292,1
328577,1
328706,1
328756,1
328854,1
328958,1
328997,1
329009,1
329050,1
329145,1
329165,1
329203,1
329262,1
329330,1
329418,1
329429,1
329539,1
329603,1
329627,1
329664,1
332905,1
333107,1
333185,1
333262,1
333330,1
333453,1
333475,1
333489,1
333507,1
333529,1
333945,1
334044,1
334086,1
334128,1
334215,1
334226,1
334332,1
334390,1
334446,1
334485,1
334981,1
334987,1
335098,1
335485,1
335527,1
335720,1
335821,1
335843,1
335848,1
336002,1
336051,1
337256,1
337260,1
337398,1
337445,1
337713,1
337718,1
337995,1
337998,1
338014,1
338080,1
338115,1
338310,1
338333,1
338358,1
339592,1
339722,1
339731,1
339776,1
339862,1
339886,1
339990,1
340018,1
340103,1
340195,1
340211,1
342037,1
342106,1
342160,1
342195,1
342301,1
342319,1
342367,1
342376,1
342402,1
342441,1
342470,1
342831,1
342930,1
343099,1
343132,1
343170,1
343199,1
343426,1
343445,1
343594,1
343622,1
343651,1
343713,1
343745,1
343903,1
343916,1
343977,1
344070,1
344086,1
344109,1
344138,1
344235,1
344259,1
344268,1
344300,1
344369,1
344396,1
344495,1
344506,1
344576,1
344629,1
344647,1
344664,1
344779,1
344824,1
344914,1
344938,1
344985,1
345003,1
345029,1
345063,1
345070,1
345310,1
345426,1
345449,1
345512,1
345612,1
345653,1
345688,1
345772,1
345856,1
345880,1
345958,1
345961,1
346016,1
346049,1
346073,1
346108,1
346133,1
346150,1
346182,1
346209,1
346245,1
346263,1
346283,1
346316,1
346378,1
346430,1
346446,1
346463,1
346529,1
346539,1
346612,1
346627,1
346767,1
346770,1
346804,1
346922,1
346955,1
346996,1
347010,1
347123,1
347164,1
347187,1
347202,1
347218,1
347236,1
347252,1
347298,1
347348,1
347368,1
347385,1
347417,1
347459,1
347476,1
347541,1
347628,1
347642,1
347711,1
347794,1
347949,1
348049,1
348089,1
348266,1
348288,1
348319,1
348382,1
348433,1
348460,1
348487,1
348579,1
348653,1
348687,1
348734,1
348791,1
348822,1
348888,1
348990,1
349020,1
349086,1
349130,1
349203,1
349283,1
349342,1
349374,1
349430,1
349496,1
349524,1
349562,1
349586,1
349602,1
349717,1
349720,1
349770,1
349790,1
349804,1
350055,1
350081,1
350086,1
350356,1
350372,1
350413,1
350498,1
350665,1
350761,1
350834,1
350960,1
351003,1
351045,1
351110,1
351133,1
351232,1
351305,1
351383,1
351555,1
351861,1
351927,1
352085,1
352123,1
352148,1
353943,1
353955,1
354011,1
354030,1
354099,1
354126,1
354246,1
354403,1
354486,1
354518,1
354614,1
354686,1
354708,1
354755,1
354788,1
354803,1
354811,1
354979,1
355002,1
355087,1
355116,1
355128,1
355180,1
355267,1
355417,1
355463,1
355546,1
355561,1
355617,1
355666,1
355707,1
355773,1
355856,1
355913,1
356067,1
356108,1
356689,1
357267,1
357448,1
357451,1
357463,1
357535,1
358317,1
358928,1
358967,1
359014,1
359048,1
359064,1
359072,1
359118,1
359131,1
359189,1
359253,1
359267,1
359852,1
359862,1
359889,1
359950,1
359966,1
359991,1
360049,1
360096,1
360131,1
360149,1
360168,1
360253,1
360323,1
360591,1
360605,1
360621,1
360626,1
361335,1
362096,1
362120,1
362157,1
362268,1
362279,1
362313,1
362466,1
362478,1
362487,1
362503,1
362533,1
362547,1
362550,1
362581,1
362649,1
362663,1
362775,1
363047,1
372853,1
374095,1
376357,1
376395,1
377369,1
379174,1
379329,1
379381,1
379554,1
379590,1
379692,1
379717,1
379806,1
379842,1
379908,1
379953,1
379965,1
380015,1
380094,1
380139,1
380168,1
380375,1
380448,1
380499,1
380530,1
380619,1
380753,1
380781,1
380871,1
381024,1
381158,1
381249,1
381277,1
381344,1
381407,1
381420,1
381570,1
381596,1
381609,1
381669,1
381713,1
381726,1
381747,1
381875,1
381894,1
381981,1
382125,1
382155,1
382191,1
382268,1
382448,1
382499,1
382586,1
382601,1
382644,1
382685,1
382703,1
382740,1
382779,1
382994,1
383012,1
383077,1
383252,1
383277,1
383417,1
383422,1
383447,1
383494,1
383604,1
383617,1
383781,1
383830,1
383859,1
383973,1
384092,1
384255,1
384296,1
384312,1
384343,1
384570,1
384658,1
384708,1
384737,1
384816,1
384831,1
384875,1
384899,1
384905,1
384942,1
384987,1
385035,1
385163,1
385370,1
385386,1
385625,1
385666,1
386779,1
386970,1
389158,1
389202,1
389305,1
389324,1
389342,1
389379,1
389609,1
389685,1
389741,1
389761,1
389862,1
389886,1
389894,1
389975,1
390010,1
390157,1
390247,1
390271,1
390367,1
390483,1
390556,1
390588,1
390657,1
390698,1
390711,1
390775,1
390795,1
390857,1
390900,1
390927,1
391034,1
391053,1
391070,1
391073,1
391099,1
391134,1
391183,1
391240,1
391305,1
391316,1
391463,1
391490,1
391534,1
391586,1
391611,1
391614,1
391657,1
391689,1
391706,1
391769,1
391813,1
392357,1
392409,1
392448,1
392532,1
392690,1
392857,1
393508,1
393541,1
393649,1
393656,1
393734,1
393749,1
393763,1
393804,1
393820,1
393890,1
393931,1
394214,1
394263,1
394317,1
394396,1
394439,1
394847,1
394850,1
394878,1
394939,1
394975,1
395159,1
395202,1
395230,1
395265,1
395326,1
395339,1
395387,1
395461,1
395513,1
395575,1
395620,1
395681,1
395755,1
395884,1
395910,1
395923,1
395954,1
396041,1
396199,1
396761,1
396780,1
396816,1
396844,1
396920,1
396971,1
397074,1
397109,1
397148,1
397393,1
397523,1
398264,1
398294,1
400297,1
400307,1
400415,1
400435,1
400500,1
400536,1
400595,1
400665,1
400684,1
400727,1
400730,1
400759,1
400790,1
400807,1
400827,1
400959,1
400985,1
401070,1
401073,1
401187,1
401206,1
401253,1
401296,1
401686,1
401725,1
401728,1
401754,1
402279,1
402480,1
402502,1
402547,1
402586,1
402651,1
402756,1
402778,1
402799,1
403072,1
403449,1
403916,1
405309,1
405362,1
405417,1
405495,1
405552,1
405624,1
405675,1
405915,1
405918,1
405950,1
405973,1
406000,1
406066,1
406091,1
406172,1
406416,1
406749,1
406764,1
406820,1
406866,1
406893,1
406942,1
406952,1
407091,1
407167,1
407205,1
407231,1
407283,1
407345,1
407568,1
407623,1
407651,1
407717,1
407865,1
407926,1
407954,1
408298,1
408336,1
408369,1
408397,1
408424,1
408513,1
408527,1
408984,1
409014,1
409070,1
409074,1
409116,1
409182,1
409266,1
409391,1
409735,1
409849,1
409897,1
409943,1
409961,1
410005,1
410028,1
410044,1
410079,1
410140,1
410188,1
410534,1
410599,1
410947,1
410970,1
411016,1
411057,1
411274,1
411303,1
411373,1
411452,1
411493,1
411611,1
411614,1
411642,1
411785,1
411794,1
411927,1
411941,1
412003,1
412047,1
412076,1
412082,1
412339,1
412351,1
412461,1
412489,1
412620,1
412631,1
413556,1
413676,1
413756,1
413778,1
413802,1
413868,1
413880,1
414709,1
415122,1
419557,1
419750,1
419774,1
419848,1
419869,1
420078,1
425701,1
425741,1
429179,1
429913,1
430253,1
432195,1
433915,1
434006,1
434022,1
434042,1
434232,1
434239,1
434287,1
437012,1
437031,1
437034,1
437091,1
437213,1
437666,1
438847,1
439175,1
440111,1
440132,1
440162,1
441086,1
441220,1
441242,1
441283,1
441307,1
441757,1
441966,1
443028,1
443232,1
445005,1
445010,1
445165,1
446756,1
446759,1
446807,1
446901,1
446946,1
447295,1
447313,1
447611,1
447623,1
447675,1
447718,1
448000,1
448012,1
448033,1
448103,1
448108,1
448132,1
448147,1
448209,1
448234,1
448301,1
448390,1
448480,1
448496,1
448547,1
449032,1
449044,1
449571,1
449594,1
449602,1
449633,1
451478,1
451615,1
451652,1
451677,1
451719,1
451787,1
451801,1
451904,1
451988,1
452076,1
452121,1
452183,1
452288,1
452880,1
452970,1
453037,1
453049,1
453091,1
453116,1
453273,1
453422,1
453711,1
456819,1
470711,1
471905,1
472216,1
472231,1
472370,1
472415,1
472608,1
472688,1
473251,1
473261,1
473328,1
473351,1
473375,1
473442,1
473459,1
473481,1
473513,1
473707,1
473748,1
473802,1
473846,1
473872,1
473930,1
474018,1
474055,1
474171,1
474223,1
474284,1
474330,1
474380,1
474478,1
476273,1
476454,1
477019,1
479924,1
479974,1
480204,1
480232,1
480276,1
480877,1
480953,1
481617,1
481658,1
489038,1
494473,1
495025,1
495320,1
496938,1
496985,1
498668,1
501336,1
502595,1
502817,1
504034,1
504047,1
505136,1
505675,1
505695,1
505735,1
506908,1
508018,1
508080,1
509502,1
510233,1
510292,1
512618,1
512649,1
22149,2
22491,2
26784,2
27187,2
39087,2
39687,2
41576,2
52354,2
52635,2
52691,2
52773,2
54592,2
66545,2
79632,2
113191,2
136725,2
138335,2
138434,2
151519,2
212561,2
212610,2
212821,2
212997,2
213050,2
213062,2
213120,2
213155,2
213296,2
213653,2
213758,2
214009,2
214153,2
214182,2
214211,2
214262,2
214292,2
229162,2
240904,2
241246,2
241298,2
256640,2
258922,2
259105,2
259249,2
260058,2
260201,2
260300,2
260525,2
260611,2
260951,2
261039,2
261277,2
261403,2
261626,2
261648,2
262041,2
262253,2
262640,2
262735,2
262968,2
263560,2
271896,2
272050,2
272098,2
273064,2
284649,2
284673,2
284770,2
284966,2
285146,2
286009,2
286319,2
286358,2
286958,2
286979,2
289326,2
289368,2
289425,2
289477,2
290134,2
290306,2
290806,2
290916,2
290968,2
291031,2
291102,2
291227,2
291288,2
291302,2
293720,2
293781,2
294532,2
294680,2
294986,2
295982,2
296656,2
298931,2
306140,2
306350,2
313840,2
315178,2
315335,2
316401,2
316694,2
316723,2
325528,2
328644,2
331590,2
333438,2
333964,2
334035,2
337592,2
340304,2
340358,2
340633,2
340718,2
340786,2
340793,2
340830,2
340962,2
341000,2
341015,2
341028,2
341836,2
342003,2
342048,2
343157,2
343220,2
343799,2
344190,2
344275,2
344288,2
344316,2
344336,2
344479,2
344558,2
344615,2
344653,2
345000,2
345099,2
345191,2
345254,2
345581,2
345729,2
345864,2
345936,2
346011,2
346310,2
346517,2
346786,2
346946,2
347685,2
347753,2
347924,2
348079,2
348673,2
348746,2
348878,2
349003,2
349061,2
349103,2
349124,2
349165,2
349199,2
349777,2
349860,2
349892,2
350328,2
350623,2
350812,2
351729,2
351960,2
353950,2
354095,2
354375,2
354388,2
354541,2
354741,2
355030,2
355049,2
355063,2
355079,2
355259,2
355482,2
355540,2
355611,2
355954,2
356737,2
357008,2
357038,2
357164,2
357343,2
357605,2
358295,2
358365,2
358574,2
358830,2
359725,2
360318,2
360399,2
362160,2
362271,2
362307,2
362433,2
377359,2
380066,2
381628,2
382216,2
384277,2
385019,2
385021,2
385181,2
385216,2
385251,2
385298,2
387000,2
387066,2
387114,2
387145,2
388062,2
388087,2
388173,2
388382,2
388585,2
388667,2
388721,2
388828,2
389095,2
389134,2
389223,2
389431,2
389501,2
389513,2
389550,2
394297,2
397743,2
397823,2
410888,2
411270,2
411438,2
411790,2
411803,2
411871,2
412182,2
412215,2
412413,2
412421,2
412483,2
412572,2
412601,2
412746,2
412797,2
412827,2
412993,2
414263,2
414706,2
415117,2
415866,2
419794,2
419905,2
420371,2
420621,2
420834,2
420888,2
420962,2
420990,2
421267,2
421353,2
421401,2
421489,2
421509,2
421547,2
421592,2
421615,2
421711,2
421776,2
421830,2
422021,2
422050,2
422206,2
422302,2
422359,2
422698,2
422814,2
423149,2
423497,2
423562,2
423577,2
423596,2
423629,2
423686,2
423727,2
423742,2
423782,2
423809,2
423977,2
424086,2
424254,2
424369,2
424406,2
425081,2
425099,2
434695,2
453031,2
453081,2
453151,2
453327,2
453492,2
453556,2
453652,2
462061,2
462081,2
462106,2
462289,2
462560,2
462634,2
462666,2
462752,2
462783,2
463085,2
463093,2
463356,2
463405,2
463571,2
463574,2
463632,2
463866,2
464235,2
464410,2
464727,2
464757,2
465269,2
469146,2
469220,2
469332,2
469344,2
469453,2
469471,2
469643,2
470599,2
470685,2
470893,2
471095,2
471748,2
471963,2
472001,2
472011,2
472160,2
472696,2
472846,2
476251,2
476347,2
476436,2
476464,2
477014,2
479852,2
490518,2
490669,2
490749,2
491850,2
494446,2
494454,2
494624,2
494747,2
494828,2
494853,2
494861,2
494889,2
494904,2
494930,2
495193,2
495224,2
495405,2
495671,2
495721,2
496035,2
496062,2
496148,2
496185,2
496338,2
496494,2
496583,2
496684,2
497149,2
498809,2
501961,2
502320,2
505383,2
510250,2
510289,2
510587,2
512918,2
513292,2
514004,2
514537,2
515551,2
518321,2
518862,2
518882,2
520596,2
527980,2
578386,2
580264,2
581439,2
585483,2
587764,2
588414,2
588543,2
589830,2
2028,3
2087,3
2156,3
2206,3
2294,3
2509,3
2693,3
2777,3
2806,3
3031,3
4441,3
61961,3
62038,3
62064,3
62844,3
62898,3
64076,3
64369,3
66538,3
66564,3
101549,3
120279,3
120355,3
129700,3
130043,3
130454,3
130495,3
130521,3
130560,3
131628,3
131658,3
140028,3
142538,3
142597,3
147187,3
147218,3
147247,3
147281,3
152802,3
152950,3
152981,3
153025,3
153028,3
153056,3
153078,3
153770,3
155695,3
155760,3
157093,3
160257,3
160615,3
160773,3
162953,3
165998,3
166023,3
167405,3
167446,3
167540,3
167634,3
170489,3
170585,3
170768,3
170860,3
172388,3
172471,3
174699,3
174930,3
175000,3
175062,3
175104,3
179097,3
179116,3
179129,3
179165,3
179197,3
179228,3
179250,3
179267,3
179296,3
179340,3
179433,3
179969,3
180307,3
180321,3
180357,3
180447,3
180518,3
187354,3
188915,3
188949,3
188979,3
189013,3
189045,3
189130,3
189153,3
189187,3
189207,3
189258,3
189261,3
189292,3
189307,3
189339,3
189350,3
189395,3
189418,3
189439,3
189505,3
189550,3
189555,3
189616,3
189660,3
189808,3
190482,3
190515,3
190536,3
190571,3
190574,3
190650,3
190666,3
190700,3
190841,3
190960,3
190983,3
190996,3
191020,3
191040,3
191079,3
191150,3
191169,3
191206,3
191216,3
191257,3
191262,3
191281,3
191291,3
191329,3
191349,3
191359,3
191391,3
191394,3
191449,3
191463,3
191474,3
191502,3
191525,3
191608,3
191639,3
191700,3
191742,3
191834,3
191884,3
191899,3
191914,3
191975,3
192004,3
192093,3
192096,3
192143,3
192184,3
192223,3
192239,3
192271,3
192947,3
192995,3
193321,3
193358,3
193380,3
193397,3
193400,3
193427,3
193478,3
193484,3
193510,3
193520,3
193558,3
193574,3
193620,3
193655,3
193694,3
193702,3
193744,3
193760,3
193770,3
193792,3
193876,3
193910,3
194054,3
194143,3
194193,3
194525,3
194613,3
194631,3
194642,3
195261,3
195298,3
195329,3
195363,3
195451,3
195645,3
195742,3
195792,3
195866,3
195949,3
195978,3
196051,3
196096,3
196123,3
196140,3
196218,3
196327,3
196422,3
196435,3
196467,3
196502,3
196521,3
196530,3
196556,3
196581,3
196614,3
196658,3
196772,3
196812,3
196901,3
196905,3
196935,3
197033,3
197062,3
197087,3
197111,3
197140,3
197173,3
197251,3
197312,3
197426,3
197591,3
197624,3
197690,3
197724,3
197915,3
197952,3
197970,3
198029,3
198039,3
198054,3
198069,3
198092,3
198102,3
198234,3
198288,3
198305,3
198454,3
198559,3
198605,3
198625,3
198704,3
198767,3
198790,3
198811,3
198819,3
198938,3
198983,3
199004,3
199045,3
199164,3
199179,3
199197,3
199227,3
199294,3
199432,3
199454,3
199476,3
199522,3
199588,3
199607,3
199610,3
199641,3
199663,3
199717,3
199750,3
199773,3
199805,3
199859,3
199862,3
199934,3
200002,3
200023,3
200130,3
200164,3
200195,3
200240,3
200294,3
200355,3
200430,3
200532,3
200566,3
200604,3
200654,3
200701,3
200704,3
200729,3
200741,3
200746,3
200765,3
200789,3
200825,3
200853,3
200924,3
200954,3
200979,3
201022,3
201058,3
201119,3
201142,3
201160,3
201260,3
201285,3
201292,3
201324,3
201343,3
201362,3
201370,3
201398,3
201457,3
201473,3
201491,3
201494,3
201533,3
201542,3
201602,3
201636,3
201648,3
201660,3
201675,3
201723,3
201771,3
201805,3
201952,3
202011,3
202066,3
202176,3
202211,3
202226,3
202243,3
202277,3
202314,3
202318,3
202336,3
202378,3
202575,3
202613,3
202637,3
202720,3
202759,3
202788,3
202800,3
202810,3
202847,3
202869,3
202957,3
203015,3
203021,3
203033,3
203217,3
203261,3
203277,3
203350,3
203382,3
203420,3
203518,3
203524,3
203633,3
203791,3
203796,3
203826,3
203871,3
203957,3
203987,3
203995,3
204043,3
204093,3
204143,3
204163,3
204219,3
204283,3
204294,3
204314,3
204362,3
204428,3
204445,3
204464,3
204611,3
204706,3
204749,3
204864,3
204916,3
204969,3
205062,3
205197,3
205263,3
205293,3
205326,3
205460,3
205672,3
205781,3
205883,3
205999,3
206031,3
206099,3
206148,3
206153,3
206205,3
206253,3
206442,3
206460,3
206495,3
206529,3
206583,3
206637,3
206695,3
206722,3
206741,3
206817,3
206834,3
206980,3
207068,3
207096,3
207126,3
207142,3
207177,3
207187,3
207224,3
207245,3
207290,3
207332,3
207367,3
207440,3
207493,3
207536,3
207589,3
207632,3
207676,3
207933,3
207999,3
208201,3
208236,3
208269,3
208390,3
208420,3
208437,3
208465,3
208625,3
208721,3
208801,3
208909,3
209031,3
209083,3
227621,3
227799,3
227953,3
227987,3
228295,3
228313,3
228614,3
228653,3
228702,3
228908,3
241278,3
243499,3
243556,3
247052,3
248082,3
248323,3
249735,3
249748,3
249956,3
249964,3
250011,3
254049,3
254118,3
254799,3
257731,3
257907,3
258248,3
258297,3
263707,3
265658,3
265811,3
265863,3
266048,3
266165,3
267103,3
274071,3
274083,3
274103,3
274123,3
274794,3
275943,3
276138,3
276826,3
277003,3
277799,3
277834,3
279055,3
282929,3
283807,3
283841,3
283873,3
283900,3
283918,3
283942,3
284243,3
284449,3
284479,3
290586,3
297259,3
297335,3
297371,3
297404,3
297531,3
297691,3
297744,3
297768,3
297813,3
297871,3
297930,3
297986,3
298128,3
298180,3
298249,3
317360,3
317372,3
317429,3
317463,3
317536,3
317605,3
317630,3
317640,3
317673,3
317683,3
317714,3
317799,3
317884,3
320145,3
320201,3
320299,3
322513,3
322658,3
322682,3
322689,3
322763,3
322806,3
324007,3
324405,3
324647,3
327194,3
327274,3
327336,3
327349,3
327402,3
327503,3
327594,3
327610,3
327626,3
327644,3
327663,3
327702,3
327869,3
328236,3
328272,3
328299,3
328344,3
328388,3
328420,3
328457,3
328475,3
328538,3
328574,3
328596,3
332884,3
334418,3
334460,3
336373,3
337584,3
338027,3
338041,3
338093,3
338100,3
338108,3
338229,3
338241,3
338315,3
338338,3
338402,3
338545,3
338566,3
338596,3
338658,3
338717,3
338769,3
338861,3
338891,3
338903,3
338941,3
339077,3
339125,3
339136,3
339173,3
339203,3
339213,3
339223,3
339268,3
339283,3
339325,3
339686,3
339689,3
339715,3
339734,3
339872,3
339998,3
342176,3
342186,3
351598,3
351615,3
351824,3
378991,3
379483,3
380680,3
382525,3
382554,3
382652,3
397369,3
397469,3
397572,3
397580,3
397609,3
397631,3
397657,3
397679,3
397722,3
397757,3
397800,3
397827,3
397886,3
406197,3
406311,3
410352,3
410493,3
410958,3
411024,3
411061,3
411090,3
411124,3
411230,3
411422,3
411994,3
412062,3
412110,3
412208,3
412241,3
412284,3
412344,3
412385,3
412475,3
412578,3
412692,3
412698,3
412772,3
412894,3
412913,3
412974,3
413098,3
413176,3
413249,3
413308,3
413457,3
413522,3
413602,3
413701,3
413839,3
413894,3
413935,3
414009,3
414083,3
414104,3
414126,3
414156,3
414170,3
414208,3
414250,3
419890,3
433919,3
451485,3
452251,3
453396,3
453415,3
453461,3
453468,3
453478,3
453522,3
453528,3
453600,3
453821,3
453835,3
454104,3
454154,3
454170,3
454197,3
454225,3
454443,3
454486,3
454494,3
454553,3
454603,3
454618,3
454715,3
454813,3
454865,3
454900,3
454918,3
454959,3
454964,3
455041,3
455072,3
455108,3
455127,3
455152,3
455180,3
455245,3
455329,3
455333,3
455505,3
455537,3
455553,3
455561,3
455571,3
455616,3
455693,3
455807,3
455881,3
455940,3
456004,3
456031,3
456130,3
456193,3
456212,3
456231,3
456285,3
456458,3
457503,3
457575,3
457677,3
457809,3
457895,3
457936,3
457951,3
458012,3
458124,3
458156,3
458225,3
458300,3
458383,3
458403,3
458481,3
458560,3
458605,3
458681,3
458705,3
458763,3
458797,3
458824,3
458950,3
458986,3
459079,3
459108,3
459546,3
459592,3
459640,3
459658,3
459789,3
459866,3
460091,3
460109,3
460143,3
460232,3
460252,3
460330,3
460487,3
460674,3
460745,3
460770,3
460816,3
460888,3
460904,3
460923,3
460945,3
461018,3
461290,3
461294,3
461812,3
461861,3
461915,3
461960,3
462056,3
462088,3
462205,3
462330,3
462413,3
462952,3
463001,3
463172,3
463193,3
463324,3
463392,3
463471,3
463505,3
463530,3
463585,3
463888,3
464213,3
464687,3
464778,3
464906,3
465011,3
465069,3
465085,3
465197,3
465228,3
465348,3
465360,3
465411,3
465530,3
466234,3
466280,3
466555,3
466609,3
466708,3
466731,3
466770,3
466806,3
466847,3
467025,3
467268,3
467294,3
467408,3
467446,3
467496,3
467650,3
467779,3
467802,3
467847,3
467855,3
467890,3
467942,3
467996,3
468048,3
468072,3
468114,3
468161,3
468198,3
468343,3
468459,3
468488,3
468689,3
468714,3
468720,3
468743,3
468796,3
468799,3
468966,3
469061,3
469243,3
469458,3
469571,3
469629,3
469849,3
470199,3
470221,3
470278,3
470348,3
470437,3
470526,3
470534,3
470602,3
470629,3
470690,3
470760,3
470916,3
470937,3
470960,3
471024,3
471077,3
471184,3
471208,3
471247,3
471451,3
471466,3
471472,3
471647,3
471753,3
472083,3
472165,3
472201,3
472261,3
472402,3
472475,3
472502,3
472512,3
472590,3
472666,3
472765,3
472777,3
472792,3
472838,3
473158,3
473161,3
473181,3
473229,3
473363,3
473411,3
473437,3
473499,3
473604,3
473642,3
473755,3
473819,3
473936,3
473956,3
473995,3
474091,3
474140,3
474195,3
474311,3
474367,3
474448,3
474527,3
474537,3
475666,3
475683,3
475723,3
478483,3
478497,3
479869,3
479901,3
481033,3
481728,3
490512,3
490933,3
491632,3
492396,3
493172,3
494821,3
494835,3
494841,3
494872,3
499310,3
499482,3
500660,3
500885,3
500925,3
501646,3
501751,3
501768,3
501817,3
502529,3
511238,3
511263,3
521030,3
565442,3
565451,3
580781,3
581866,3
8965,4
9009,4
9096,4
9173,4
9217,4
9405,4
9969,4
10103,4
10236,4
10255,4
10269,4
10344,4
10496,4
10526,4
10815,4
11160,4
11230,4
11306,4
11341,4
11391,4
11444,4
11461,4
11494,4
11622,4
11668,4
11699,4
12031,4
12043,4
12073,4
12106,4
12182,4
12303,4
12415,4
12443,4
12495,4
12535,4
12580,4
12612,4
12651,4
12872,4
12902,4
13185,4
13235,4
13321,4
13383,4
13448,4
13468,4
13500,4
13574,4
13636,4
13650,4
13741,4
13839,4
13965,4
14048,4
14088,4
14115,4
14140,4
14192,4
14229,4
14278,4
14369,4
14406,4
14474,4
14505,4
14551,4
14680,4
14753,4
14774,4
14916,4
15042,4
15091,4
15164,4
15261,4
15285,4
15295,4
15326,4
15368,4
15414,4
15524,4
15603,4
15648,4
15706,4
15751,4
15847,4
15881,4
15915,4
15955,4
16058,4
16085,4
16105,4
16142,4
16233,4
16301,4
16423,4
16464,4
16477,4
16577,4
16599,4
16676,4
16749,4
17008,4
17195,4
17364,4
17437,4
17474,4
17597,4
17628,4
17775,4
17803,4
17863,4
18005,4
18086,4
18288,4
19152,4
19281,4
19349,4
19369,4
19430,4
19474,4
19527,4
19608,4
19685,4
19779,4
19906,4
19930,4
20046,4
20192,4
20216,4
20284,4
20424,4
20470,4
21035,4
21113,4
21295,4
21432,4
21559,4
22036,4
22074,4
22084,4
22126,4
22154,4
22284,4
22446,4
22454,4
22484,4
22501,4
22527,4
22554,4
22597,4
22611,4
22620,4
22640,4
22740,4
22767,4
22800,4
22878,4
22919,4
22963,4
23019,4
23081,4
23084,4
23110,4
23173,4
23251,4
23375,4
23378,4
23428,4
23828,4
23850,4
23870,4
23886,4
23922,4
23996,4
24038,4
24107,4
24187,4
24235,4
24340,4
24396,4
24960,4
25371,4
25436,4
25455,4
25507,4
25567,4
25748,4
25875,4
26658,4
26707,4
27711,4
27812,4
27917,4
27980,4
28070,4
28173,4
28246,4
28298,4
28389,4
28580,4
28716,4
28795,4
28863,4
29017,4
29750,4
29814,4
29933,4
29952,4
30041,4
30065,4
30255,4
30280,4
30335,4
30362,4
30430,4
30645,4
30684,4
30708,4
30907,4
31012,4
31157,4
31160,4
31192,4
31290,4
31399,4
31428,4
31455,4
31500,4
31568,4
31728,4
31766,4
31959,4
31995,4
32017,4
32047,4
32106,4
32227,4
32253,4
32340,4
32360,4
32367,4
32474,4
32527,4
32614,4
32667,4
32736,4
32749,4
32865,4
33042,4
33280,4
33470,4
33512,4
33552,4
33581,4
33599,4
33654,4
33693,4
33722,4
33924,4
33948,4
33963,4
33996,4
34009,4
34028,4
34099,4
34112,4
34219,4
34246,4
35001,4
35180,4
35367,4
35406,4
35425,4
35658,4
35681,4
35773,4
35811,4
35835,4
36601,4
38158,4
38272,4
38444,4
38623,4
39422,4
42451,4
44529,4
44532,4
47932,4
70842,4
81412,4
89968,4
98592,4
98688,4
98706,4
98752,4
98782,4
106393,4
119340,4
119381,4
252351,4
252445,4
252454,4
252562,4
252651,4
252659,4
252721,4
252742,4
252756,4
252765,4
252768,4
252849,4
253590,4
253631,4
253841,4
253895,4
253934,4
253969,4
253976,4
254077,4
254186,4
254338,4
254352,4
254378,4
254419,4
254440,4
254948,4
254970,4
255003,4
255007,4
255077,4
255100,4
255245,4
255392,4
255487,4
255539,4
255547,4
255622,4
255641,4
255740,4
256097,4
256148,4
256166,4
256206,4
256210,4
256268,4
256314,4
256329,4
256602,4
256614,4
256647,4
256660,4
256838,4
257318,4
257370,4
257507,4
257527,4
257594,4
257642,4
257646,4
257718,4
257752,4
258361,4
258397,4
258434,4
258474,4
258561,4
258609,4
258681,4
258775,4
258851,4
259352,4
259403,4
259447,4
259471,4
259504,4
259556,4
259602,4
259631,4
259658,4
259858,4
259968,4
259979,4
260003,4
263631,4
263655,4
263734,4
263751,4
263821,4
264036,4
264066,4
264112,4
264192,4
264202,4
264205,4
264241,4
264281,4
264290,4
264340,4
264397,4
264430,4
264469,4
264494,4
264501,4
264541,4
264614,4
264669,4
264693,4
264773,4
264778,4
265125,4
265172,4
265189,4
265202,4
265207,4
265291,4
265364,4
265384,4
265418,4
265467,4
265514,4
265540,4
265585,4
265622,4
265665,4
265728,4
265750,4
265755,4
265795,4
265798,4
265829,4
266070,4
266110,4
266202,4
266219,4
266485,4
266538,4
267259,4
267274,4
267311,4
267398,4
267441,4
271625,4
271638,4
271647,4
271720,4
271754,4
271798,4
274500,4
274564,4
274641,4
274650,4
275180,4
275440,4
276195,4
276232,4
276593,4
276700,4
276757,4
276760,4
276797,4
277369,4
277785,4
278745,4
278758,4
279050,4
279111,4
282785,4
283589,4
283857,4
284204,4
284230,4
284321,4
284463,4
284935,4
284945,4
285017,4
285160,4
285221,4
285283,4
285420,4
285452,4
285465,4
285480,4
285490,4
285526,4
285567,4
285612,4
285694,4
285776,4
285799,4
285810,4
285844,4
285877,4
285894,4
285914,4
285943,4
285968,4
285996,4
286617,4
286639,4
286714,4
286737,4
286759,4
286792,4
286818,4
286881,4
286951,4
287398,4
287912,4
287922,4
287998,4
288100,4
288117,4
288127,4
288237,4
288248,4
288259,4
288342,4
288545,4
288555,4
288719,4
288743,4
288751,4
288761,4
288903,4
288917,4
289054,4
289096,4
289172,4
289213,4
289245,4
289259,4
289283,4
289356,4
289385,4
289402,4
289413,4
289438,4
289505,4
289551,4
289594,4
289622,4
289722,4
289725,4
289749,4
289796,4
289851,4
289881,4
290021,4
290074,4
290138,4
290170,4
290210,4
290264,4
290321,4
290338,4
290341,4
290357,4
290382,4
290418,4
290425,4
290445,4
290466,4
290573,4
290795,4
290821,4
290895,4
291281,4
291458,4
291612,4
291978,4
292164,4
292428,4
292448,4
292486,4
292509,4
292530,4
292541,4
292673,4
292759,4
292809,4
293030,4
293099,4
293127,4
293463,4
293530,4
293573,4
293646,4
293660,4
293702,4
294558,4
294563,4
294588,4
294620,4
294980,4
295027,4
295473,4
295586,4
295589,4
295617,4
295710,4
295836,4
295889,4
295923,4
295962,4
296018,4
296023,4
296085,4
296108,4
296113,4
296271,4
296320,4
296335,4
296353,4
296384,4
296396,4
296431,4
296491,4
296605,4
296608,4
296762,4
296901,4
297032,4
297050,4
297274,4
297597,4
297651,4
297695,4
297830,4
297856,4
297940,4
297952,4
297979,4
298009,4
298016,4
298084,4
298109,4
301379,4
301442,4
301460,4
301489,4
301492,4
301518,4
301543,4
301590,4
301703,4
301708,4
301795,4
301865,4
301870,4
301882,4
301910,4
301981,4
302024,4
302061,4
302092,4
302154,4
302313,4
302316,4
302397,4
302509,4
302585,4
302596,4
302618,4
302641,4
302666,4
302726,4
303200,4
303242,4
303435,4
303469,4
303492,4
303553,4
303626,4
303766,4
303800,4
303817,4
303862,4
303874,4
303904,4
303923,4
303958,4
304021,4
304065,4
304068,4
304113,4
304149,4
304241,4
304448,4
304780,4
304783,4
304794,4
304802,4
305124,4
305649,4
305655,4
305702,4
305741,4
305778,4
305905,4
306001,4
311347,4
313868,4
313879,4
313909,4
313943,4
314027,4
314068,4
314105,4
314138,4
314161,4
314191,4
314220,4
314246,4
314276,4
314344,4
314398,4
314538,4
314615,4
314951,4
315023,4
315073,4
315118,4
315453,4
315479,4
315630,4
315708,4
315722,4
315769,4
315835,4
315910,4
315931,4
315963,4
316160,4
316215,4
316777,4
316825,4
316880,4
316897,4
316944,4
317071,4
317246,4
317319,4
317324,4
317365,4
317423,4
317479,4
317589,4
317616,4
317660,4
317678,4
317736,4
317860,4
317911,4
324639,4
325703,4
326142,4
326176,4
326580,4
327128,4
328288,4
328303,4
328349,4
328401,4
328444,4
328468,4
328560,4
328570,4
328621,4
328782,4
328795,4
329013,4
329024,4
329067,4
329116,4
329148,4
329338,4
329376,4
329421,4
329432,4
329510,4
329569,4
329614,4
332805,4
332860,4
332915,4
332992,4
333012,4
333110,4
333383,4
333406,4
333543,4
333659,4
333749,4
333794,4
334406,4
334443,4
334575,4
334687,4
334771,4
334774,4
334820,4
334984,4
334994,4
335029,4
335105,4
335178,4
335310,4
335371,4
335394,4
335448,4
335492,4
335593,4
335622,4
335694,4
335853,4
337263,4
337283,4
337298,4
337521,4
337565,4
337602,4
338118,4
338121,4
338330,4
339725,4
339742,4
339788,4
340006,4
340022,4
340046,4
340128,4
342061,4
342066,4
342116,4
342170,4
342221,4
342277,4
342311,4
342379,4
342477,4
342791,4
342813,4
342842,4
342949,4
343039,4
343053,4
343118,4
343125,4
343202,4
343210,4
343452,4
343996,4
344011,4
344429,4
344434,4
344521,4
344538,4
344584,4
344672,4
344751,4
344819,4
347466,4
347990,4
348145,4
348339,4
351279,4
351319,4
351386,4
351450,4
351804,4
351817,4
351918,4
354489,4
354521,4
354534,4
354625,4
354819,4
354857,4
354972,4
355010,4
355018,4
355074,4
355131,4
355171,4
355221,4
355466,4
355471,4
355598,4
355636,4
355669,4
355680,4
355714,4
355784,4
355916,4
356035,4
356416,4
356650,4
356692,4
356809,4
356834,4
357415,4
357466,4
357482,4
357553,4
357625,4
357646,4
357663,4
358040,4
358073,4
358096,4
358113,4
358140,4
358169,4
358180,4
358186,4
358216,4
358244,4
358260,4
358278,4
358344,4
358477,4
359020,4
359106,4
359205,4
359962,4
359974,4
360008,4
360071,4
360142,4
360226,4
360256,4
362572,4
362575,4
362588,4
362593,4
362702,4
377184,4
379729,4
380677,4
381306,4
382145,4
382471,4
382481,4
382540,4
382547,4
386930,4
386957,4
389396,4
389468,4
392095,4
394719,4
395216,4
395362,4
395765,4
395792,4
397163,4
397213,4
397242,4
397335,4
397366,4
397398,4
397432,4
397444,4
397497,4
397621,4
397638,4
397676,4
397703,4
397733,4
397768,4
397811,4
397844,4
397959,4
398001,4
398024,4
400116,4
400287,4
400317,4
401651,4
401672,4
401697,4
401764,4
401824,4
401865,4
402117,4
402140,4
402202,4
402219,4
402249,4
402494,4
402600,4
402811,4
402913,4
402956,4
403013,4
405555,4
405634,4
405717,4
405752,4
405856,4
405909,4
406072,4
406117,4
406164,4
406241,4
406343,4
406398,4
407655,4
407658,4
407739,4
408295,4
408362,4
408573,4
408599,4
408610,4
410052,4
410099,4
410344,4
410659,4
410852,4
410868,4
410951,4
411041,4
411068,4
411243,4
411459,4
411617,4
411630,4
411653,4
411671,4
411781,4
411861,4
411934,4
412052,4
412322,4
412325,4
412442,4
419655,4
419758,4
419780,4
437042,4
437045,4
437116,4
437236,4
438858,4
438938,4
439017,4
439086,4
439132,4
439241,4
439306,4
440136,4
440139,4
441223,4
441245,4
441398,4
441608,4
441622,4
441701,4
441754,4
445080,4
445146,4
445218,4
445255,4
446763,4
446826,4
447250,4
447721,4
447728,4
447821,4
447866,4
447979,4
448017,4
448052,4
448383,4
448420,4
448499,4
448516,4
448575,4
451503,4
451698,4
451826,4
451949,4
452014,4
452088,4
452236,4
454036,4
454041,4
454090,4
468765,4
468768,4
469406,4
472242,4
473167,4
473472,4
473476,4
473488,4
473520,4
473528,4
473572,4
473619,4
473681,4
473701,4
473711,4
473776,4
473889,4
474119,4
474274,4
474302,4
474341,4
474401,4
479933,4
480235,4
480255,4
480909,4
489060,4
489064,4
489171,4
489220,4
489293,4
489424,4
489440,4
489459,4
489470,4
489498,4
489534,4
489554,4
489704,4
489767,4
489949,4
490285,4
490328,4
490430,4
491206,4
491247,4
491278,4
491347,4
491768,4
491928,4
492741,4
492749,4
492835,4
492838,4
495299,4
504772,4
505910,4
505968,4
506015,4
506034,4
506134,4
506165,4
506241,4
506271,4
506747,4
508929,4
509230,4
509475,4
509479,4
509718,4
509785,4
510240,4
511362,4
511385,4
511421,4
511450,4
511528,4
511583,4
511599,4
511668,4
511762,4
511807,4
511838,4
511899,4
511956,4
512021,4
512029,4
512299,4
512483,4
512523,4
512658,4
512772,4
513016,4
513173,4
513400,4
513814,4
513850,4
513912,4
513963,4
514082,4
514654,4
514691,4
514707,4
514727,4
514764,4
514779,4
514902,4
514941,4
514998,4
515034,4
515328,4
515366,4
515604,4
515998,4
516164,4
516553,4
516569,4
516602,4
516809,4
516816,4
516927,4
516963,4
516974,4
517537,4
517587,4
517612,4
517676,4
518354,4
520246,4
520551,4
520625,4
520884,4
520944,4
520952,4
521042,4
521123,4
521196,4
521303,4
521440,4
521443,4
521480,4
521542,4
521582,4
521597,4
521682,4
521713,4
521811,4
521850,4
521876,4
521905,4
522033,4
522071,4
522087,4
522090,4
522155,4
522210,4
522263,4
522293,4
522413,4
522520,4
522532,4
522580,4
522612,4
522689,4
522739,4
522904,4
522916,4
522980,4
522983,4
523046,4
523061,4
523105,4
523181,4
523203,4
523232,4
523287,4
523310,4
523454,4
523472,4
523498,4
523643,4
523670,4
523877,4
523887,4
523937,4
524517,4
524520,4
524587,4
524639,4
524787,4
524839,4
524907,4
524947,4
525090,4
525447,4
525494,4
525497,4
525570,4
525592,4
525716,4
525748,4
525819,4
525855,4
525906,4
525997,4
526038,4
526270,4
526341,4
526426,4
526511,4
526669,4
526726,4
526768,4
526788,4
526814,4
526866,4
526909,4
527051,4
527054,4
527138,4
527318,4
527372,4
527858,4
527970,4
528023,4
528058,4
528213,4
528219,4
528277,4
528285,4
528320,4
528381,4
528460,4
528502,4
528541,4
528571,4
528695,4
528718,4
528768,4
528876,4
528933,4
528989,4
528992,4
529037,4
529083,4
529095,4
529098,4
529257,4
529302,4
529339,4
529377,4
529427,4
529545,4
529586,4
529655,4
529931,4
529943,4
529998,4
530098,4
530121,4
530181,4
530508,4
530677,4
530711,4
530812,4
530815,4
530896,4
530935,4
530952,4
531003,4
531133,4
531164,4
531218,4
531261,4
531278,4
531290,4
531354,4
531394,4
531546,4
531648,4
531770,4
532015,4
532158,4
532203,4
532240,4
532289,4
532345,4
532384,4
532402,4
532424,4
532447,4
532500,4
532553,4
532796,4
533248,4
533382,4
533437,4
533512,4
533607,4
533629,4
533675,4
533715,4
533767,4
533884,4
533901,4
533953,4
534141,4
534213,4
534378,4
534448,4
534474,4
534554,4
534571,4
534615,4
534651,4
534666,4
534861,4
534908,4
534944,4
534971,4
535089,4
535156,4
535172,4
535225,4
535270,4
535395,4
535996,4
536001,4
536039,4
536051,4
536102,4
536197,4
536256,4
536288,4
541687,4
542104,4
542269,4
542381,4
542390,4
542458,4
542491,4
542579,4
542623,4
542733,4
543151,4
543180,4
543209,4
543217,4
543481,4
543498,4
543554,4
543557,4
543928,4
543940,4
544051,4
544091,4
544125,4
544168,4
544198,4
544243,4
544324,4
544371,4
544385,4
544449,4
544487,4
544521,4
544552,4
544628,4
544681,4
544728,4
545046,4
545233,4
545290,4
545343,4
545510,4
545518,4
545612,4
545660,4
545701,4
545741,4
545786,4
546040,4
546107,4
546589,4
546624,4
547032,4
547078,4
547153,4
547367,4
547371,4
547462,4
547795,4
547811,4
547829,4
548007,4
548044,4
548102,4
548192,4
548308,4
548315,4
548370,4
548433,4
548436,4
548499,4
548559,4
548562,4
548591,4
548649,4
548696,4
548768,4
548862,4
548969,4
549017,4
549421,4
549478,4
549497,4
549551,4
549599,4
549631,4
549634,4
549670,4
549703,4
550486,4
550608,4
550693,4
551531,4
551585,4
552404,4
552495,4
552513,4
552558,4
552685,4
553197,4
553295,4
553404,4
553433,4
553484,4
553494,4
553521,4
553539,4
553598,4
553873,4
553905,4
553942,4
553990,4
554035,4
554045,4
554070,4
554244,4
554345,4
554386,4
555065,4
556450,4
556461,4
556492,4
556580,4
556636,4
556694,4
557269,4
557319,4
557327,4
557371,4
557421,4
557559,4
557604,4
557689,4
557711,4
557727,4
557792,4
557883,4
557943,4
557988,4
558194,4
558217,4
558245,4
558400,4
558674,4
558779,4
558921,4
558972,4
558994,4
559068,4
559121,4
559213,4
559450,4
559461,4
559546,4
559589,4
559672,4
559696,4
559808,4
559851,4
559871,4
559939,4
560020,4
560037,4
560229,4
560247,4
560265,4
560327,4
560403,4
560768,4
560801,4
561209,4
561213,4
561239,4
561259,4
561319,4
561384,4
561583,4
561593,4
561625,4
561644,4
561647,4
561679,4
561708,4
561736,4
561760,4
562232,4
562446,4
562468,4
562504,4
562560,4
562612,4
562946,4
563305,4
563335,4
563404,4
563612,4
563627,4
563674,4
563894,4
564274,4
564396,4
564758,4
564761,4
564795,4
565652,4
565660,4
565737,4
565803,4
565991,4
566019,4
566332,4
566345,4
566372,4
566461,4
566953,4
567023,4
567194,4
567240,4
567271,4
567492,4
567553,4
567591,4
567678,4
567722,4
567851,4
567876,4
567879,4
567893,4
568009,4
568050,4
568125,4
568408,4
568459,4
568468,4
568711,4
568743,4
568761,4
568784,4
569211,4
569655,4
569667,4
569936,4
570121,4
570279,4
570331,4
570350,4
570368,4
570459,4
570528,4
570608,4
570679,4
570702,4
570717,4
570867,4
570944,4
571020,4
571104,4
571202,4
571726,4
571804,4
572052,4
573190,4
573290,4
573468,4
573497,4
573509,4
573553,4
573634,4
573677,4
573892,4
573947,4
574005,4
574031,4
574111,4
574202,4
574306,4
574382,4
574404,4
574442,4
574549,4
574678,4
574754,4
574927,4
575022,4
575582,4
575671,4
575820,4
576061,4
576137,4
576173,4
576261,4
576344,4
576390,4
576672,4
576693,4
576884,4
576959,4
576994,4
577063,4
577095,4
577240,4
577294,4
577329,4
577525,4
577555,4
577565,4
577594,4
577650,4
577709,4
577853,4
577993,4
578045,4
580371,4
580416,4
580567,4
580669,4
580673,4
580745,4
580797,4
580837,4
580872,4
581931,4
581936,4
582025,4
582221,4
582280,4
582329,4
582337,4
582404,4
582456,4
582529,4
582567,4
582716,4
582736,4
582755,4
582911,4
582923,4
582987,4
583110,4
583170,4
583241,4
583305,4
583340,4
583363,4
583400,4
583409,4
583431,4
583441,4
583523,4
583526,4
583683,4
583733,4
583859,4
584174,4
584205,4
584261,4
584356,4
584370,4
584623,4
584648,4
584718,4
584756,4
585047,4
585086,4
585212,4
585301,4
585424,4
585577,4
585783,4
586037,4
586059,4
586156,4
586225,4
586486,4
586973,4
586976,4
587020,4
587163,4
587562,4
587601,4
587667,4
587676,4
588448,4
588451,4
588590,4
588627,4
588677,4
588680,4
588713,4
588783,4
589052,4
589078,4
589235,4
589258,4
589453,4
589457,4
589495,4
589510,4
589625,4
589699,4
589794,4
589939,4
590111,4
590316,4
590356,4
590381,4
590575,4
590651,4
590661,4
590674,4
590826,4
590839,4
590867,4
591044,4
591084,4
591122,4
591176,4
591433,4
591515,4
591636,4
591760,4
591782,4
591813,4
591861,4
591883,4
592021,4
592086,4
592098,4
592134,4
592144,4
592182,4
592252,4
592269,4
592369,4
592413,4
592450,4
592618,4
592637,4
592714,4
592737,4
592839,4
592849,4
592893,4
593003,4
593317,4
593679,4
593734,4
593920,4
593952,4
593977,4
594042,4
594120,4
594138,4
594186,4
594770,4
594900,4
594931,4
594984,4
595123,4
595217,4
595730,4
595793,4
595831,4
595902,4
595952,4
7043,5
7077,5
7090,5
63579,5
63995,5
64882,5
109783,5
128844,5
142806,5
143015,5
149498,5
151608,5
152015,5
153228,5
158120,5
173259,5
173366,5
173667,5
181937,5
182072,5
187228,5
188974,5
210189,5
210199,5
210230,5
231235,5
235445,5
237666,5
238505,5
238629,5
238685,5
238825,5
239318,5
239341,5
239370,5
240130,5
240164,5
240174,5
240276,5
240311,5
240368,5
240845,5
327973,5
327978,5
328004,5
328010,5
328016,5
473123,5
133328,6
133435,6
135062,6
135334,6
135358,6
135425,6
136084,6
137613,6
137904,6
212786,6
212790,6
212898,6
212987,6
213176,6
213190,6
213203,6
213245,6
213300,6
213419,6
213633,6
213754,6
260320,6
260372,6
260470,6
261406,6
261442,6
261565,6
261675,6
262268,6
263571,6
291259,6
291286,6
291342,6
291350,6
291367,6
291374,6
291411,6
291438,6
291473,6
292056,6
292147,6
292491,6
293436,6
293773,6
293820,6
293905,6
294427,6
294549,6
294687,6
294878,6
294970,6
295399,6
295418,6
295625,6
295831,6
295917,6
295951,6
296064,6
296098,6
296468,6
296483,6
296520,6
296537,6
296559,6
296614,6
296639,6
296705,6
296744,6
296757,6
296983,6
296993,6
297227,6
297265,6
297307,6
297456,6
297587,6
297633,6
297723,6
297926,6
297993,6
298209,6
298440,6
298643,6
298673,6
298914,6
299144,6
299204,6
299282,6
299347,6
299434,6
299452,6
299547,6
299881,6
300048,6
300383,6
300550,6
300656,6
300855,6
300884,6
300978,6
301018,6
301129,6
301202,6
301316,6
301478,6
301548,6
301718,6
301731,6
301755,6
302329,6
302464,6
302492,6
303692,6
303732,6
303751,6
303795,6
303867,6
303879,6
304100,6
304238,6
304445,6
304492,6
304705,6
304813,6
304848,6
304868,6
304885,6
304902,6
305112,6
305130,6
305245,6
305662,6
305751,6
305822,6
305854,6
306121,6
306689,6
306853,6
307247,6
307834,6
307878,6
308336,6
308368,6
308452,6
308524,6
308658,6
308732,6
308953,6
309160,6
309263,6
309340,6
309553,6
309556,6
309958,6
309986,6
310007,6
310177,6
311257,6
311422,6
311501,6
313090,6
313139,6
313422,6
313505,6
313535,6
313651,6
313719,6
313744,6
313751,6
313856,6
313872,6
313915,6
313954,6
313977,6
314321,6
315000,6
315143,6
315261,6
315320,6
315728,6
316211,6
316227,6
316638,6
316680,6
317350,6
317922,6
318055,6
318079,6
318160,6
324896,6
324987,6
325032,6
325698,6
326139,6
326180,6
327125,6
328229,6
328565,6
328630,6
328685,6
328909,6
329001,6
329105,6
329490,6
329583,6
329646,6
330062,6
330291,6
330673,6
330779,6
330930,6
331126,6
331229,6
331283,6
331317,6
331420,6
331572,6
331600,6
331660,6
331746,6
331922,6
331963,6
332000,6
332016,6
332053,6
332237,6
332319,6
332380,6
332463,6
332669,6
332728,6
332910,6
332945,6
333009,6
333253,6
333444,6
333954,6
334009,6
334749,6
340252,6
342701,6
342855,6
342906,6
342978,6
343286,6
343316,6
343782,6
344019,6
344500,6
344528,6
344551,6
345408,6
345469,6
345596,6
347471,6
347694,6
347939,6
348017,6
349521,6
349780,6
349902,6
350067,6
350191,6
350199,6
350210,6
350215,6
350934,6
351344,6
351416,6
351475,6
351508,6
351527,6
351602,6
351620,6
351652,6
351672,6
351782,6
351809,6
351814,6
351941,6
351983,6
354208,6
354217,6
354311,6
354350,6
354360,6
354561,6
354596,6
355152,6
355160,6
355490,6
355687,6
355817,6
355869,6
355909,6
355930,6
355966,6
356022,6
356046,6
356205,6
356493,6
356590,6
356664,6
356745,6
356801,6
356817,6
356846,6
356989,6
357144,6
357352,6
357406,6
357437,6
357471,6
357615,6
357639,6
357691,6
357991,6
358070,6
358121,6
358161,6
358226,6
358357,6
358416,6
358470,6
358647,6
358664,6
358677,6
360310,6
378985,6
463676,6
471824,6
471886,6
471930,6
496727,6
502465,6
502522,6
503904,6
62642,7
62669,7
62847,7
62901,7
64079,7
64516,7
68212,7
172972,7
208687,7
208715,7
208924,7
209080,7
209156,7
227582,7
227644,7
227767,7
227857,7
228122,7
228138,7
228169,7
228543,7
228757,7
241061,7
241101,7
241125,7
241290,7
243585,7
243623,7
243688,7
243947,7
244007,7
244081,7
244099,7
244855,7
244925,7
244936,7
245045,7
246112,7
246137,7
246963,7
247026,7
248119,7
248156,7
248261,7
248275,7
248920,7
248939,7
249242,7
249601,7
250025,7
266009,7
266557,7
266641,7
266747,7
267053,7
267332,7
274915,7
275826,7
276126,7
277855,7
279038,7
279521,7
279605,7
279622,7
279669,7
279758,7
279770,7
279870,7
280030,7
280261,7
280361,7
280476,7
280536,7
280619,7
280777,7
280907,7
281039,7
281291,7
281308,7
281421,7
281504,7
281512,7
281708,7
281725,7
281780,7
281892,7
281931,7
281950,7
281972,7
282050,7
282055,7
282120,7
282152,7
282195,7
282200,7
282260,7
282324,7
282354,7
282393,7
282451,7
282598,7
282642,7
282675,7
283682,7
287541,7
296232,7
297380,7
298060,7
315988,7
316020,7
316041,7
316116,7
316175,7
316220,7
316821,7
316883,7
316959,7
316964,7
325776,7
325802,7
325814,7
326150,7
329119,7
332723,7
333000,7
333317,7
334438,7
334516,7
334949,7
334974,7
335328,7
335563,7
335600,7
335607,7
335636,7
335669,7
335711,7
335725,7
335870,7
335924,7
335964,7
335985,7
336055,7
336099,7
336108,7
336122,7
336504,7
336545,7
336968,7
337057,7
337202,7
337450,7
337473,7
337484,7
337612,7
338034,7
338126,7
344687,7
344697,7
345886,7
345988,7
346124,7
346159,7
346206,7
347310,7
347807,7
348109,7
348276,7
348559,7
348826,7
349034,7
349434,7
349450,7
349610,7
350255,7
350407,7
350427,7
350670,7
351010,7
351113,7
351204,7
351243,7
355836,7
356375,7
356435,7
357581,7
357651,7
379291,7
379312,7
379349,7
379396,7
379486,7
381320,7
382533,7
382576,7
384270,7
385845,7
385851,7
385940,7
385974,7
385998,7
386037,7
386066,7
386109,7
386126,7
386372,7
386427,7
386473,7
386524,7
386737,7
386817,7
386837,7
386866,7
386986,7
397943,7
401586,7
401644,7
401719,7
401991,7
402320,7
402466,7
402844,7
402901,7
406096,7
406376,7
407686,7
408385,7
409136,7
409159,7
409199,7
410377,7
410550,7
433112,7
433330,7
433570,7
433597,7
433715,7
433810,7
433837,7
434037,7
434242,7
439195,7
439273,7
440155,7
441233,7
441693,7
441796,7
444720,7
445227,7
445807,7
445911,7
446138,7
446176,7
446232,7
446312,7
446493,7
446551,7
446565,7
446644,7
446724,7
446771,7
446779,7
446790,7
446831,7
446888,7
446904,7
447168,7
447292,7
447413,7
447471,7
447605,7
447695,7
447756,7
447814,7
447886,7
448406,7
448609,7
449229,7
452257,7
454244,7
490590,7
490616,7
490656,7
490853,7
491969,7
507815,7
507820,7
507879,7
508498,7
509761,7
512091,7
514394,7
515512,7
519839,7
520166,7
520235,7
520983,7
523677,7
523715,7
523756,7
523837,7
523871,7
523921,7
523963,7
524116,7
524194,7
524276,7
524291,7
524352,7
524470,7
524550,7
524665,7
524709,7
524870,7
525348,7
525369,7
529136,7
529829,7
529973,7
530332,7
531398,7
531483,7
531910,7
542299,7
542369,7
543224,7
543252,7
543329,7
543474,7
543677,7
543785,7
543917,7
545644,7
545906,7
545941,7
547652,7
553291,7
553512,7
553616,7
554029,7
554391,7
554562,7
554595,7
554619,7
554696,7
554797,7
554836,7
554857,7
554875,7
554886,7
554918,7
554950,7
554973,7
555093,7
555160,7
555205,7
555285,7
555346,7
555383,7
555466,7
555479,7
555510,7
555559,7
555590,7
555604,7
555655,7
555703,7
555721,7
555753,7
555822,7
555935,7
556370,7
556435,7
559125,7
559159,7
559182,7
559222,7
559247,7
559402,7
559446,7
559529,7
559584,7
560026,7
560215,7
563619,7
563764,7
564129,7
565664,7
566661,7
571113,7
575008,7
575107,7
575151,7
575190,7
575237,7
575255,7
575339,7
575373,7
575424,7
576075,7
576110,7
576149,7
576206,7
576231,7
576280,7
576357,7
580780,7
580809,7
580846,7
580903,7
581014,7
581620,7
60327,8
63661,8
63676,8
63698,8
63771,8
63778,8
63802,8
63878,8
63908,8
64584,8
64640,8
64665,8
64906,8
64953,8
65058,8
65067,8
65161,8
65253,8
65266,8
65290,8
65345,8
65436,8
65618,8
65648,8
65664,8
66013,8
108445,8
108475,8
108518,8
108571,8
108649,8
108690,8
109489,8
109511,8
109555,8
109880,8
109927,8
110001,8
110069,8
110717,8
112154,8
112182,8
112228,8
112274,8
112350,8
112376,8
112413,8
112484,8
112568,8
112625,8
112730,8
112772,8
112834,8
112901,8
112962,8
119551,8
119669,8
119682,8
119738,8
119813,8
119902,8
120066,8
120069,8
120100,8
120158,8
120288,8
120339,8
120364,8
120464,8
122407,8
122511,8
125477,8
129021,8
129080,8
129171,8
129194,8
129388,8
129445,8
129491,8
129550,8
129571,8
129618,8
129648,8
129664,8
129784,8
129887,8
130996,8
131017,8
131036,8
131092,8
131133,8
131231,8
131299,8
131335,8
131375,8
131401,8
131541,8
131594,8
131883,8
131931,8
131943,8
132074,8
132252,8
132273,8
132339,8
132379,8
132394,8
132400,8
132422,8
132427,8
132526,8
138938,8
138993,8
139053,8
139082,8
139085,8
139171,8
139203,8
139281,8
139449,8
139469,8
139484,8
139556,8
139595,8
139726,8
140058,8
140325,8
140397,8
140465,8
140637,8
140655,8
140678,8
140714,8
140730,8
140878,8
141072,8
141133,8
141216,8
141265,8
141689,8
141955,8
142091,8
142335,8
142398,8
142476,8
142602,8
142665,8
142732,8
143065,8
143090,8
143163,8
143186,8
145047,8
145194,8
145224,8
145324,8
145487,8
145590,8
145943,8
146147,8
146611,8
146636,8
146765,8
146782,8
146851,8
146876,8
146893,8
146946,8
146958,8
146999,8
147081,8
147125,8
147137,8
147240,8
147390,8
147405,8
147785,8
147867,8
147974,8
148010,8
148117,8
148984,8
149001,8
152048,8
152074,8
152124,8
152232,8
152422,8
152461,8
152519,8
152566,8
152883,8
153166,8
153204,8
153304,8
153680,8
153757,8
153774,8
153799,8
153828,8
153846,8
153868,8
153893,8
153934,8
154546,8
154560,8
154607,8
154694,8
154835,8
154988,8
155093,8
155214,8
155225,8
155266,8
155527,8
155635,8
155654,8
155689,8
155701,8
156018,8
156136,8
156255,8
156273,8
157237,8
157420,8
157558,8
157715,8
157815,8
157864,8
157903,8
157950,8
158063,8
158227,8
158380,8
158795,8
158829,8
158869,8
158978,8
159033,8
159052,8
159153,8
159335,8
159377,8
159837,8
159869,8
159897,8
160162,8
166114,8
166190,8
176876,8
177680,8
178687,8
192069,8
193074,8
193087,8
214391,8
217692,8
217744,8
217836,8
217881,8
217916,8
217943,8
218032,8
218109,8
218921,8
219098,8
219138,8
229268,8
229363,8
269137,8
269890,8
269935,8
270063,8
270127,8
273826,8
290495,8
292561,8
294312,8
311618,8
319036,8
320904,8
320906,8
320957,8
320971,8
320992,8
323038,8
323206,8
323236,8
323379,8
323411,8
323480,8
323537,8
323593,8
323632,8
323653,8
323681,8
323717,8
323753,8
323797,8
323817,8
323840,8
323855,8
323877,8
323889,8
323968,8
323992,8
324031,8
324052,8
324081,8
324102,8
324128,8
324172,8
324212,8
324280,8
324282,8
324488,8
324541,8
324572,8
353673,8
368392,8
371421,8
373191,8
373344,8
374005,8
374421,8
374441,8
374491,8
374518,8
374584,8
377060,8
378969,8
482587,8
482612,8
482689,8
483203,8
483359,8
483383,8
483407,8
483579,8
483666,8
483814,8
484601,8
484809,8
484867,8
484943,8
485041,8
485068,8
485178,8
485236,8
485343,8
485382,8
485739,8
485998,8
486035,8
486097,8
486149,8
536341,8
536417,8
536427,8
536535,8
536618,8
536637,8
536728,8
536879,8
536939,8
537008,8
537122,8
537182,8
537873,8
537912,8
537955,8
538672,8
539004,8
539010,8
539042,8
539130,8
539250,8
539297,8
539316,8
540220,8
540322,8
540352,8
540369,8
540395,8
540480,8
540532,8
540587,8
540685,8
540787,8
540803,8
540924,8
540977,8
541086,8
541112,8
562719,8
581288,8
4374,9
4573,9
4605,9
4686,9
4727,9
5027,9
58869,9
63489,9
119160,9
119936,9
133336,9
156301,9
159776,9
159969,9
160211,9
160214,9
160898,9
167698,9
176314,9
176654,9
179533,9
186696,9
186711,9
214380,9
214538,9
214794,9
214837,9
214899,9
216732,9
216810,9
216864,9
216917,9
216979,9
217097,9
217829,9
217845,9
218604,9
218607,9
218807,9
258857,9
267509,9
268090,9
268117,9
268298,9
268515,9
268533,9
268948,9
269268,9
269291,9
269511,9
269521,9
269558,9
269608,9
269668,9
269680,9
269883,9
270030,9
270767,9
295208,9
319229,9
319670,9
320231,9
320521,9
320865,9
321483,9
322864,9
323029,9
323286,9
323843,9
324234,9
324568,9
324601,9
353659,9
372810,9
372907,9
373035,9
373096,9
373169,9
374034,9
374325,9
374331,9
375155,9
375858,9
376141,9
432628,9
434085,9
434795,9
452379,9
482238,9
483145,9
483163,9
483209,9
483810,9
483900,9
484569,9
485193,9
485268,9
485988,9
536360,9
536376,9
536717,9
537098,9
537710,9
537923,9
538012,9
538792,9
538915,9
539066,9
539087,9
539196,9
539269,9
539292,9
539349,9
539460,9
539484,9
539554,9
539876,9
539900,9
540060,9
540166,9
540946,9
541516,9
562685,9
563021,9
